[{"model": "admin.logentry", "pk": 1, "fields": {"action_time": "2022-02-15T13:57:13.851Z", "user": 1, "content_type": 7, "object_id": "1", "object_repr": "conservation.example.com", "action_flag": 2, "change_message": "[{\"changed\": {\"fields\": [\"Domain name\", \"Display name\"]}}]"}}, {"model": "admin.logentry", "pk": 2, "fields": {"action_time": "2022-02-15T13:57:18.533Z", "user": 1, "content_type": 7, "object_id": "1", "object_repr": "conservation.example.com", "action_flag": 2, "change_message": "[]"}}, {"model": "admin.logentry", "pk": 3, "fields": {"action_time": "2022-02-15T14:00:04.611Z", "user": 1, "content_type": 8, "object_id": "1", "object_repr": "meldiploma@gmail.com", "action_flag": 2, "change_message": "[{\"changed\": {\"fields\": [\"Verified\", \"Primary\"]}}]"}}, {"model": "admin.logentry", "pk": 4, "fields": {"action_time": "2022-02-21T11:19:42.510Z", "user": 1, "content_type": 14, "object_id": "9", "object_repr": "heritage_piched", "action_flag": 2, "change_message": "[{\"changed\": {\"fields\": [\"Name\", \"Friendly name\"]}}]"}}, {"model": "admin.logentry", "pk": 5, "fields": {"action_time": "2022-02-21T11:20:26.349Z", "user": 1, "content_type": 14, "object_id": "8", "object_repr": "heritage_flat", "action_flag": 2, "change_message": "[{\"changed\": {\"fields\": [\"Name\", \"Friendly name\"]}}]"}}, {"model": "admin.logentry", "pk": 6, "fields": {"action_time": "2022-02-21T11:20:41.751Z", "user": 1, "content_type": 14, "object_id": "9", "object_repr": "heritage_pitched", "action_flag": 2, "change_message": "[{\"changed\": {\"fields\": [\"Name\"]}}]"}}, {"model": "admin.logentry", "pk": 7, "fields": {"action_time": "2022-02-21T11:20:48.828Z", "user": 1, "content_type": 14, "object_id": "8", "object_repr": "heritage_flat", "action_flag": 2, "change_message": "[]"}}, {"model": "admin.logentry", "pk": 8, "fields": {"action_time": "2022-02-21T11:21:28.563Z", "user": 1, "content_type": 14, "object_id": "7", "object_repr": "modern_piched", "action_flag": 2, "change_message": "[{\"changed\": {\"fields\": [\"Name\", \"Friendly name\"]}}]"}}, {"model": "admin.logentry", "pk": 9, "fields": {"action_time": "2022-02-21T11:21:55.867Z", "user": 1, "content_type": 14, "object_id": "6", "object_repr": "neo_advance", "action_flag": 2, "change_message": "[{\"changed\": {\"fields\": [\"Name\", \"Friendly name\"]}}]"}}, {"model": "admin.logentry", "pk": 10, "fields": {"action_time": "2022-02-21T11:22:10.920Z", "user": 1, "content_type": 14, "object_id": "5", "object_repr": "essentials", "action_flag": 3, "change_message": ""}}, {"model": "admin.logentry", "pk": 11, "fields": {"action_time": "2022-02-21T11:22:10.924Z", "user": 1, "content_type": 14, "object_id": "4", "object_repr": "deals", "action_flag": 3, "change_message": ""}}, {"model": "admin.logentry", "pk": 12, "fields": {"action_time": "2022-02-21T11:22:10.927Z", "user": 1, "content_type": 14, "object_id": "3", "object_repr": "clearance", "action_flag": 3, "change_message": ""}}, {"model": "admin.logentry", "pk": 13, "fields": {"action_time": "2022-02-21T11:22:10.930Z", "user": 1, "content_type": 14, "object_id": "2", "object_repr": "bed_bath", "action_flag": 3, "change_message": ""}}, {"model": "admin.logentry", "pk": 14, "fields": {"action_time": "2022-02-21T11:22:10.932Z", "user": 1, "content_type": 14, "object_id": "1", "object_repr": "activewear", "action_flag": 3, "change_message": ""}}, {"model": "admin.logentry", "pk": 15, "fields": {"action_time": "2022-02-21T11:22:58.630Z", "user": 1, "content_type": 14, "object_id": "6", "object_repr": "flat_modern", "action_flag": 2, "change_message": "[{\"changed\": {\"fields\": [\"Name\"]}}]"}}, {"model": "admin.logentry", "pk": 16, "fields": {"action_time": "2022-02-21T11:23:05.810Z", "user": 1, "content_type": 14, "object_id": "7", "object_repr": "modern_piched", "action_flag": 2, "change_message": "[]"}}, {"model": "admin.logentry", "pk": 17, "fields": {"action_time": "2022-02-21T11:23:08.642Z", "user": 1, "content_type": 14, "object_id": "8", "object_repr": "heritage_flat", "action_flag": 2, "change_message": "[]"}}, {"model": "admin.logentry", "pk": 18, "fields": {"action_time": "2022-02-21T11:30:10.090Z", "user": 1, "content_type": 13, "object_id": "1", "object_repr": "the Conservation Rooflight CR01-3", "action_flag": 2, "change_message": "[{\"changed\": {\"fields\": [\"Category\", \"Name\", \"Description\", \"Price\", \"Image\"]}}]"}}, {"model": "admin.logentry", "pk": 19, "fields": {"action_time": "2022-02-21T11:31:50.287Z", "user": 1, "content_type": 13, "object_id": "2", "object_repr": "the Conservation Rooflight CR01-2", "action_flag": 2, "change_message": "[{\"changed\": {\"fields\": [\"Category\", \"Name\", \"Description\", \"Price\", \"Image url\", \"Image\"]}}]"}}, {"model": "admin.logentry", "pk": 20, "fields": {"action_time": "2022-02-21T11:33:14.368Z", "user": 1, "content_type": 13, "object_id": "1", "object_repr": "the Conservation Rooflight CR01-3", "action_flag": 2, "change_message": "[{\"changed\": {\"fields\": [\"Sku\"]}}]"}}, {"model": "admin.logentry", "pk": 21, "fields": {"action_time": "2022-02-21T11:33:27.480Z", "user": 1, "content_type": 13, "object_id": "2", "object_repr": "the Conservation Rooflight CR01-2", "action_flag": 2, "change_message": "[{\"changed\": {\"fields\": [\"Sku\"]}}]"}}, {"model": "admin.logentry", "pk": 22, "fields": {"action_time": "2022-02-21T11:49:17.402Z", "user": 1, "content_type": 14, "object_id": "7", "object_repr": "modern_pitched", "action_flag": 2, "change_message": "[{\"changed\": {\"fields\": [\"Name\"]}}]"}}, {"model": "admin.logentry", "pk": 23, "fields": {"action_time": "2022-02-21T12:17:14.164Z", "user": 1, "content_type": 14, "object_id": "6", "object_repr": "flat_modern", "action_flag": 2, "change_message": "[]"}}, {"model": "admin.logentry", "pk": 24, "fields": {"action_time": "2022-02-21T12:32:29.244Z", "user": 1, "content_type": 13, "object_id": "3", "object_repr": "The Conservation Rooflight CR03-2", "action_flag": 2, "change_message": "[{\"changed\": {\"fields\": [\"Category\", \"Sku\", \"Name\", \"Description\", \"Price\"]}}]"}}, {"model": "admin.logentry", "pk": 25, "fields": {"action_time": "2022-02-21T12:32:35.902Z", "user": 1, "content_type": 13, "object_id": "3", "object_repr": "The Conservation Rooflight CR03-2", "action_flag": 2, "change_message": "[]"}}, {"model": "admin.logentry", "pk": 26, "fields": {"action_time": "2022-02-21T12:33:31.231Z", "user": 1, "content_type": 13, "object_id": "1", "object_repr": "the Conservation Rooflight CR01-3", "action_flag": 2, "change_message": "[{\"changed\": {\"fields\": [\"Description\"]}}]"}}, {"model": "admin.logentry", "pk": 27, "fields": {"action_time": "2022-02-21T12:33:39.939Z", "user": 1, "content_type": 13, "object_id": "1", "object_repr": "the Conservation Rooflight CR01-3", "action_flag": 2, "change_message": "[]"}}, {"model": "admin.logentry", "pk": 28, "fields": {"action_time": "2022-02-21T12:34:18.886Z", "user": 1, "content_type": 13, "object_id": "2", "object_repr": "the Conservation Rooflight CR01-2", "action_flag": 2, "change_message": "[{\"changed\": {\"fields\": [\"Description\"]}}]"}}, {"model": "admin.logentry", "pk": 29, "fields": {"action_time": "2022-02-21T12:35:22.017Z", "user": 1, "content_type": 13, "object_id": "2", "object_repr": "the Conservation Rooflight CR01-2", "action_flag": 2, "change_message": "[]"}}, {"model": "admin.logentry", "pk": 30, "fields": {"action_time": "2022-02-21T12:37:18.331Z", "user": 1, "content_type": 13, "object_id": "4", "object_repr": "the Conservation Rooflight CR06-1", "action_flag": 2, "change_message": "[{\"changed\": {\"fields\": [\"Category\", \"Sku\", \"Name\", \"Description\", \"Price\"]}}]"}}, {"model": "admin.logentry", "pk": 31, "fields": {"action_time": "2022-02-21T12:37:25.529Z", "user": 1, "content_type": 13, "object_id": "4", "object_repr": "the Conservation Rooflight CR06-1", "action_flag": 2, "change_message": "[]"}}, {"model": "admin.logentry", "pk": 32, "fields": {"action_time": "2022-02-21T12:38:29.359Z", "user": 1, "content_type": 13, "object_id": "5", "object_repr": "the Conservation Rooflight CR07-2", "action_flag": 2, "change_message": "[{\"changed\": {\"fields\": [\"Category\", \"Sku\", \"Name\", \"Description\", \"Price\", \"Image\"]}}]"}}, {"model": "admin.logentry", "pk": 33, "fields": {"action_time": "2022-02-21T12:41:49.689Z", "user": 1, "content_type": 13, "object_id": "3", "object_repr": "The Conservation Rooflight CR03-2", "action_flag": 2, "change_message": "[{\"changed\": {\"fields\": [\"Image\"]}}]"}}, {"model": "admin.logentry", "pk": 34, "fields": {"action_time": "2022-02-21T12:42:01.069Z", "user": 1, "content_type": 13, "object_id": "4", "object_repr": "the Conservation Rooflight CR06-1", "action_flag": 2, "change_message": "[{\"changed\": {\"fields\": [\"Image\"]}}]"}}, {"model": "admin.logentry", "pk": 35, "fields": {"action_time": "2022-02-21T12:44:57.253Z", "user": 1, "content_type": 13, "object_id": "6", "object_repr": "the Conservation Rooflight CR08-2", "action_flag": 2, "change_message": "[{\"changed\": {\"fields\": [\"Sku\", \"Name\", \"Description\", \"Price\", \"Image\"]}}]"}}, {"model": "admin.logentry", "pk": 36, "fields": {"action_time": "2022-02-21T12:52:07.755Z", "user": 1, "content_type": 13, "object_id": "7", "object_repr": "the Conservation Rooflight CR09-2", "action_flag": 2, "change_message": "[{\"changed\": {\"fields\": [\"Category\", \"Sku\", \"Name\", \"Description\", \"Price\", \"Image\"]}}]"}}, {"model": "admin.logentry", "pk": 37, "fields": {"action_time": "2022-02-21T12:53:06.545Z", "user": 1, "content_type": 13, "object_id": "8", "object_repr": "the Conservation Rooflight CR10-2", "action_flag": 2, "change_message": "[{\"changed\": {\"fields\": [\"Category\", \"Sku\", \"Name\", \"Description\", \"Price\", \"Image\"]}}]"}}, {"model": "admin.logentry", "pk": 38, "fields": {"action_time": "2022-02-21T12:54:07.906Z", "user": 1, "content_type": 13, "object_id": "9", "object_repr": "the Conservation Rooflight CR11-3", "action_flag": 2, "change_message": "[{\"changed\": {\"fields\": [\"Category\", \"Sku\", \"Name\", \"Description\", \"Price\", \"Image\"]}}]"}}, {"model": "admin.logentry", "pk": 39, "fields": {"action_time": "2022-02-21T12:54:15.944Z", "user": 1, "content_type": 13, "object_id": "3", "object_repr": "the Conservation Rooflight CR03-2", "action_flag": 2, "change_message": "[{\"changed\": {\"fields\": [\"Name\"]}}]"}}, {"model": "admin.logentry", "pk": 40, "fields": {"action_time": "2022-02-21T12:55:11.821Z", "user": 1, "content_type": 13, "object_id": "10", "object_repr": "the Conservation Rooflight CR13-3", "action_flag": 2, "change_message": "[{\"changed\": {\"fields\": [\"Category\", \"Sku\", \"Name\", \"Description\", \"Price\", \"Image\"]}}]"}}, {"model": "admin.logentry", "pk": 41, "fields": {"action_time": "2022-02-21T12:57:01.981Z", "user": 1, "content_type": 13, "object_id": "11", "object_repr": "the Conservation Rooflight CR14-2", "action_flag": 2, "change_message": "[{\"changed\": {\"fields\": [\"Sku\", \"Name\", \"Description\", \"Price\", \"Image\"]}}]"}}, {"model": "admin.logentry", "pk": 42, "fields": {"action_time": "2022-02-21T12:58:08.283Z", "user": 1, "content_type": 13, "object_id": "12", "object_repr": "the Conservation Rooflight CR14-3", "action_flag": 2, "change_message": "[{\"changed\": {\"fields\": [\"Category\", \"Sku\", \"Name\", \"Description\", \"Price\", \"Image\"]}}]"}}, {"model": "admin.logentry", "pk": 43, "fields": {"action_time": "2022-02-21T12:58:13.909Z", "user": 1, "content_type": 13, "object_id": "12", "object_repr": "the Conservation Rooflight CR14-3", "action_flag": 2, "change_message": "[]"}}, {"model": "admin.logentry", "pk": 44, "fields": {"action_time": "2022-02-21T12:59:08.465Z", "user": 1, "content_type": 13, "object_id": "13", "object_repr": "the Conservation Rooflight CR15-2", "action_flag": 2, "change_message": "[{\"changed\": {\"fields\": [\"Sku\", \"Name\", \"Description\", \"Price\", \"Image\"]}}]"}}, {"model": "admin.logentry", "pk": 45, "fields": {"action_time": "2022-02-21T13:00:35.794Z", "user": 1, "content_type": 13, "object_id": "14", "object_repr": "the Conservation Rooflight CR15-3", "action_flag": 2, "change_message": "[{\"changed\": {\"fields\": [\"Category\", \"Sku\", \"Name\", \"Description\", \"Price\", \"Image\"]}}]"}}, {"model": "admin.logentry", "pk": 46, "fields": {"action_time": "2022-02-21T13:03:07.335Z", "user": 1, "content_type": 13, "object_id": "15", "object_repr": "the Conservation Plateau Rooflight PL01", "action_flag": 2, "change_message": "[{\"changed\": {\"fields\": [\"Category\", \"Sku\", \"Name\", \"Description\", \"Price\"]}}]"}}, {"model": "admin.logentry", "pk": 47, "fields": {"action_time": "2022-02-21T13:03:23.588Z", "user": 1, "content_type": 13, "object_id": "15", "object_repr": "the Conservation Plateau Rooflight PL01", "action_flag": 2, "change_message": "[{\"changed\": {\"fields\": [\"Image\"]}}]"}}, {"model": "admin.logentry", "pk": 48, "fields": {"action_time": "2022-02-21T13:04:53.568Z", "user": 1, "content_type": 13, "object_id": "16", "object_repr": "the Conservation Plateau Rooflight PL02", "action_flag": 2, "change_message": "[{\"changed\": {\"fields\": [\"Category\", \"Sku\", \"Name\", \"Description\", \"Price\"]}}]"}}, {"model": "admin.logentry", "pk": 49, "fields": {"action_time": "2022-02-21T13:05:03.945Z", "user": 1, "content_type": 13, "object_id": "16", "object_repr": "the Conservation Plateau Rooflight PL02", "action_flag": 2, "change_message": "[{\"changed\": {\"fields\": [\"Image\"]}}]"}}, {"model": "admin.logentry", "pk": 50, "fields": {"action_time": "2022-02-21T13:06:21.684Z", "user": 1, "content_type": 13, "object_id": "17", "object_repr": "the Conservation Plateau Rooflight PL03", "action_flag": 2, "change_message": "[{\"changed\": {\"fields\": [\"Category\", \"Sku\", \"Name\", \"Description\", \"Price\", \"Image\"]}}]"}}, {"model": "admin.logentry", "pk": 51, "fields": {"action_time": "2022-02-21T13:07:57.113Z", "user": 1, "content_type": 13, "object_id": "18", "object_repr": "the Conservation Plateau Rooflight PL04", "action_flag": 2, "change_message": "[{\"changed\": {\"fields\": [\"Category\", \"Sku\", \"Name\", \"Description\", \"Price\", \"Image\"]}}]"}}, {"model": "admin.logentry", "pk": 52, "fields": {"action_time": "2022-02-21T13:10:19.864Z", "user": 1, "content_type": 13, "object_id": "19", "object_repr": "the Conservation Plateau Rooflight PL07", "action_flag": 2, "change_message": "[{\"changed\": {\"fields\": [\"Category\", \"Sku\", \"Name\", \"Description\", \"Price\", \"Image\"]}}]"}}, {"model": "admin.logentry", "pk": 53, "fields": {"action_time": "2022-02-21T13:11:50.454Z", "user": 1, "content_type": 13, "object_id": "20", "object_repr": "the Conservation Plateau Rooflight PL08", "action_flag": 2, "change_message": "[{\"changed\": {\"fields\": [\"Category\", \"Sku\", \"Name\", \"Description\", \"Price\", \"Image\"]}}]"}}, {"model": "admin.logentry", "pk": 54, "fields": {"action_time": "2022-02-21T13:14:13.939Z", "user": 1, "content_type": 13, "object_id": "21", "object_repr": "the Conservation Plateau Rooflight PL09", "action_flag": 2, "change_message": "[{\"changed\": {\"fields\": [\"Category\", \"Sku\", \"Name\", \"Description\", \"Price\", \"Image\"]}}]"}}, {"model": "admin.logentry", "pk": 55, "fields": {"action_time": "2022-02-21T13:15:35.418Z", "user": 1, "content_type": 13, "object_id": "22", "object_repr": "the Conservation Plateau Rooflight PL10", "action_flag": 2, "change_message": "[{\"changed\": {\"fields\": [\"Category\", \"Sku\", \"Name\", \"Description\", \"Price\", \"Image\"]}}]"}}, {"model": "admin.logentry", "pk": 56, "fields": {"action_time": "2022-02-21T13:15:44.089Z", "user": 1, "content_type": 13, "object_id": "14", "object_repr": "the Conservation Rooflight CR15-3", "action_flag": 2, "change_message": "[{\"changed\": {\"fields\": [\"Image url\"]}}]"}}, {"model": "admin.logentry", "pk": 57, "fields": {"action_time": "2022-02-21T13:15:53.656Z", "user": 1, "content_type": 13, "object_id": "14", "object_repr": "the Conservation Rooflight CR15-3", "action_flag": 2, "change_message": "[]"}}, {"model": "admin.logentry", "pk": 58, "fields": {"action_time": "2022-02-21T13:16:00.794Z", "user": 1, "content_type": 13, "object_id": "20", "object_repr": "the Conservation Plateau Rooflight PL08", "action_flag": 2, "change_message": "[{\"changed\": {\"fields\": [\"Image url\"]}}]"}}, {"model": "admin.logentry", "pk": 59, "fields": {"action_time": "2022-02-21T13:16:06.778Z", "user": 1, "content_type": 13, "object_id": "15", "object_repr": "the Conservation Plateau Rooflight PL01", "action_flag": 2, "change_message": "[{\"changed\": {\"fields\": [\"Image url\"]}}]"}}, {"model": "admin.logentry", "pk": 60, "fields": {"action_time": "2022-02-21T13:16:15.933Z", "user": 1, "content_type": 13, "object_id": "16", "object_repr": "the Conservation Plateau Rooflight PL02", "action_flag": 2, "change_message": "[{\"changed\": {\"fields\": [\"Image url\"]}}]"}}, {"model": "admin.logentry", "pk": 61, "fields": {"action_time": "2022-02-21T13:16:22.473Z", "user": 1, "content_type": 13, "object_id": "17", "object_repr": "the Conservation Plateau Rooflight PL03", "action_flag": 2, "change_message": "[{\"changed\": {\"fields\": [\"Image url\"]}}]"}}, {"model": "admin.logentry", "pk": 62, "fields": {"action_time": "2022-02-21T13:16:29.046Z", "user": 1, "content_type": 13, "object_id": "19", "object_repr": "the Conservation Plateau Rooflight PL07", "action_flag": 2, "change_message": "[{\"changed\": {\"fields\": [\"Image url\"]}}]"}}, {"model": "admin.logentry", "pk": 63, "fields": {"action_time": "2022-02-21T13:16:39.027Z", "user": 1, "content_type": 13, "object_id": "22", "object_repr": "the Conservation Plateau Rooflight PL10", "action_flag": 2, "change_message": "[{\"changed\": {\"fields\": [\"Image url\"]}}]"}}, {"model": "admin.logentry", "pk": 64, "fields": {"action_time": "2022-02-21T13:16:45.887Z", "user": 1, "content_type": 13, "object_id": "21", "object_repr": "the Conservation Plateau Rooflight PL09", "action_flag": 2, "change_message": "[{\"changed\": {\"fields\": [\"Image url\"]}}]"}}, {"model": "admin.logentry", "pk": 65, "fields": {"action_time": "2022-02-21T13:16:50.420Z", "user": 1, "content_type": 13, "object_id": "20", "object_repr": "the Conservation Plateau Rooflight PL08", "action_flag": 2, "change_message": "[]"}}, {"model": "admin.logentry", "pk": 66, "fields": {"action_time": "2022-02-21T13:17:01.203Z", "user": 1, "content_type": 13, "object_id": "18", "object_repr": "the Conservation Plateau Rooflight PL04", "action_flag": 2, "change_message": "[{\"changed\": {\"fields\": [\"Image url\"]}}]"}}, {"model": "admin.logentry", "pk": 67, "fields": {"action_time": "2022-02-21T13:19:30.112Z", "user": 1, "content_type": 13, "object_id": "23", "object_repr": "the Conservation Plateau Rooflight PL11", "action_flag": 2, "change_message": "[{\"changed\": {\"fields\": [\"Category\", \"Sku\", \"Name\", \"Description\", \"Price\", \"Image url\", \"Image\"]}}]"}}, {"model": "admin.logentry", "pk": 68, "fields": {"action_time": "2022-02-21T13:20:41.858Z", "user": 1, "content_type": 13, "object_id": "24", "object_repr": "the Conservation Plateau Rooflight PL18", "action_flag": 2, "change_message": "[{\"changed\": {\"fields\": [\"Category\", \"Sku\", \"Name\", \"Description\", \"Price\", \"Image url\", \"Image\"]}}]"}}, {"model": "admin.logentry", "pk": 69, "fields": {"action_time": "2022-02-21T13:23:11.306Z", "user": 1, "content_type": 13, "object_id": "25", "object_repr": "the Conservation Plateau Rooflight PL22", "action_flag": 2, "change_message": "[{\"changed\": {\"fields\": [\"Category\", \"Sku\", \"Name\", \"Description\", \"Price\", \"Image url\", \"Image\"]}}]"}}, {"model": "admin.logentry", "pk": 70, "fields": {"action_time": "2022-02-21T13:23:35.521Z", "user": 1, "content_type": 13, "object_id": "25", "object_repr": "the Conservation Plateau Rooflight PL22", "action_flag": 2, "change_message": "[]"}}, {"model": "admin.logentry", "pk": 71, "fields": {"action_time": "2022-02-21T14:04:53.711Z", "user": 1, "content_type": 13, "object_id": "26", "object_repr": "the Conservation Plateau Rooflight PL24", "action_flag": 2, "change_message": "[{\"changed\": {\"fields\": [\"Category\", \"Sku\", \"Name\", \"Description\", \"Price\", \"Image url\", \"Image\"]}}]"}}, {"model": "admin.logentry", "pk": 72, "fields": {"action_time": "2022-02-21T14:05:12.074Z", "user": 1, "content_type": 13, "object_id": "15", "object_repr": "the Conservation Plateau Rooflight PL01", "action_flag": 2, "change_message": "[{\"changed\": {\"fields\": [\"Image\"]}}]"}}, {"model": "admin.logentry", "pk": 73, "fields": {"action_time": "2022-02-21T14:05:21.659Z", "user": 1, "content_type": 13, "object_id": "16", "object_repr": "the Conservation Plateau Rooflight PL02", "action_flag": 2, "change_message": "[{\"changed\": {\"fields\": [\"Image\"]}}]"}}, {"model": "admin.logentry", "pk": 74, "fields": {"action_time": "2022-02-21T14:05:33.905Z", "user": 1, "content_type": 13, "object_id": "17", "object_repr": "the Conservation Plateau Rooflight PL03", "action_flag": 2, "change_message": "[{\"changed\": {\"fields\": [\"Image\"]}}]"}}, {"model": "admin.logentry", "pk": 75, "fields": {"action_time": "2022-02-21T14:05:42.145Z", "user": 1, "content_type": 13, "object_id": "18", "object_repr": "the Conservation Plateau Rooflight PL04", "action_flag": 2, "change_message": "[{\"changed\": {\"fields\": [\"Image\"]}}]"}}, {"model": "admin.logentry", "pk": 76, "fields": {"action_time": "2022-02-21T14:05:50.076Z", "user": 1, "content_type": 13, "object_id": "19", "object_repr": "the Conservation Plateau Rooflight PL07", "action_flag": 2, "change_message": "[{\"changed\": {\"fields\": [\"Image\"]}}]"}}, {"model": "admin.logentry", "pk": 77, "fields": {"action_time": "2022-02-21T14:06:00.528Z", "user": 1, "content_type": 13, "object_id": "20", "object_repr": "the Conservation Plateau Rooflight PL08", "action_flag": 2, "change_message": "[{\"changed\": {\"fields\": [\"Image\"]}}]"}}, {"model": "admin.logentry", "pk": 78, "fields": {"action_time": "2022-02-21T14:06:09.658Z", "user": 1, "content_type": 13, "object_id": "21", "object_repr": "the Conservation Plateau Rooflight PL09", "action_flag": 2, "change_message": "[{\"changed\": {\"fields\": [\"Image\"]}}]"}}, {"model": "admin.logentry", "pk": 79, "fields": {"action_time": "2022-02-21T14:06:20.466Z", "user": 1, "content_type": 13, "object_id": "21", "object_repr": "the Conservation Plateau Rooflight PL09", "action_flag": 2, "change_message": "[{\"changed\": {\"fields\": [\"Image\"]}}]"}}, {"model": "admin.logentry", "pk": 80, "fields": {"action_time": "2022-02-21T14:06:27.926Z", "user": 1, "content_type": 13, "object_id": "22", "object_repr": "the Conservation Plateau Rooflight PL10", "action_flag": 2, "change_message": "[{\"changed\": {\"fields\": [\"Image\"]}}]"}}, {"model": "admin.logentry", "pk": 81, "fields": {"action_time": "2022-02-21T14:06:35.097Z", "user": 1, "content_type": 13, "object_id": "23", "object_repr": "the Conservation Plateau Rooflight PL11", "action_flag": 2, "change_message": "[{\"changed\": {\"fields\": [\"Image\"]}}]"}}, {"model": "admin.logentry", "pk": 82, "fields": {"action_time": "2022-02-21T14:06:45.880Z", "user": 1, "content_type": 13, "object_id": "24", "object_repr": "the Conservation Plateau Rooflight PL18", "action_flag": 2, "change_message": "[{\"changed\": {\"fields\": [\"Image\"]}}]"}}, {"model": "admin.logentry", "pk": 83, "fields": {"action_time": "2022-02-21T14:06:54.622Z", "user": 1, "content_type": 13, "object_id": "25", "object_repr": "the Conservation Plateau Rooflight PL22", "action_flag": 2, "change_message": "[{\"changed\": {\"fields\": [\"Image\"]}}]"}}, {"model": "admin.logentry", "pk": 84, "fields": {"action_time": "2022-02-21T14:07:01.464Z", "user": 1, "content_type": 13, "object_id": "25", "object_repr": "the Conservation Plateau Rooflight PL22", "action_flag": 2, "change_message": "[]"}}, {"model": "admin.logentry", "pk": 85, "fields": {"action_time": "2022-02-21T14:07:17.773Z", "user": 1, "content_type": 13, "object_id": "26", "object_repr": "the Conservation Plateau Rooflight PL24", "action_flag": 2, "change_message": "[{\"changed\": {\"fields\": [\"Image\"]}}]"}}, {"model": "admin.logentry", "pk": 86, "fields": {"action_time": "2022-02-21T14:08:44.731Z", "user": 1, "content_type": 13, "object_id": "27", "object_repr": "neo Rooflight neo-05", "action_flag": 2, "change_message": "[{\"changed\": {\"fields\": [\"Sku\", \"Name\", \"Description\", \"Price\", \"Image url\", \"Image\"]}}]"}}, {"model": "admin.logentry", "pk": 87, "fields": {"action_time": "2022-02-21T14:09:57.107Z", "user": 1, "content_type": 13, "object_id": "28", "object_repr": "neo Rooflight neo-06", "action_flag": 2, "change_message": "[{\"changed\": {\"fields\": [\"Category\", \"Sku\", \"Name\", \"Description\", \"Price\", \"Image url\", \"Image\"]}}]"}}, {"model": "admin.logentry", "pk": 88, "fields": {"action_time": "2022-02-21T14:11:09.463Z", "user": 1, "content_type": 13, "object_id": "29", "object_repr": "neo Rooflight neo-07", "action_flag": 2, "change_message": "[{\"changed\": {\"fields\": [\"Category\", \"Sku\", \"Name\", \"Description\", \"Price\", \"Image url\", \"Image\"]}}]"}}, {"model": "admin.logentry", "pk": 89, "fields": {"action_time": "2022-02-21T14:12:09.530Z", "user": 1, "content_type": 13, "object_id": "30", "object_repr": "neo Rooflight neo-08", "action_flag": 2, "change_message": "[{\"changed\": {\"fields\": [\"Category\", \"Sku\", \"Name\", \"Description\", \"Price\", \"Image url\", \"Image\"]}}]"}}, {"model": "admin.logentry", "pk": 90, "fields": {"action_time": "2022-02-21T14:13:00.093Z", "user": 1, "content_type": 13, "object_id": "31", "object_repr": "neo Rooflight neo-09", "action_flag": 2, "change_message": "[{\"changed\": {\"fields\": [\"Category\", \"Sku\", \"Name\", \"Description\", \"Price\", \"Image url\", \"Image\"]}}]"}}, {"model": "admin.logentry", "pk": 91, "fields": {"action_time": "2022-02-21T14:14:09.230Z", "user": 1, "content_type": 13, "object_id": "32", "object_repr": "neo Rooflight neo-10", "action_flag": 2, "change_message": "[{\"changed\": {\"fields\": [\"Category\", \"Sku\", \"Name\", \"Description\", \"Price\", \"Image url\", \"Image\"]}}]"}}, {"model": "admin.logentry", "pk": 92, "fields": {"action_time": "2022-02-21T14:15:03.079Z", "user": 1, "content_type": 13, "object_id": "33", "object_repr": "neo Rooflight neo-11", "action_flag": 2, "change_message": "[{\"changed\": {\"fields\": [\"Category\", \"Sku\", \"Name\", \"Description\", \"Price\", \"Image url\", \"Image\"]}}]"}}, {"model": "admin.logentry", "pk": 93, "fields": {"action_time": "2022-02-21T14:16:10.409Z", "user": 1, "content_type": 13, "object_id": "34", "object_repr": "neo Rooflight neo-12", "action_flag": 2, "change_message": "[{\"changed\": {\"fields\": [\"Category\", \"Sku\", \"Name\", \"Description\", \"Price\", \"Image url\", \"Image\"]}}]"}}, {"model": "admin.logentry", "pk": 94, "fields": {"action_time": "2022-02-21T14:17:06.648Z", "user": 1, "content_type": 13, "object_id": "35", "object_repr": "neo Rooflight neo-13", "action_flag": 2, "change_message": "[{\"changed\": {\"fields\": [\"Category\", \"Sku\", \"Name\", \"Description\", \"Price\", \"Image url\", \"Image\"]}}]"}}, {"model": "admin.logentry", "pk": 95, "fields": {"action_time": "2022-02-21T14:18:38.052Z", "user": 1, "content_type": 13, "object_id": "36", "object_repr": "neo Rooflight neo-13", "action_flag": 2, "change_message": "[{\"changed\": {\"fields\": [\"Category\", \"Sku\", \"Name\", \"Description\", \"Price\", \"Image url\", \"Image\"]}}]"}}, {"model": "admin.logentry", "pk": 96, "fields": {"action_time": "2022-02-21T14:19:01.826Z", "user": 1, "content_type": 13, "object_id": "36", "object_repr": "neo Rooflight neo-13", "action_flag": 2, "change_message": "[]"}}, {"model": "admin.logentry", "pk": 97, "fields": {"action_time": "2022-02-21T14:20:32.756Z", "user": 1, "content_type": 13, "object_id": "36", "object_repr": "neo Rooflight neo-14", "action_flag": 2, "change_message": "[{\"changed\": {\"fields\": [\"Sku\", \"Name\", \"Description\", \"Price\", \"Image\"]}}]"}}, {"model": "admin.logentry", "pk": 98, "fields": {"action_time": "2022-02-21T14:21:40.163Z", "user": 1, "content_type": 13, "object_id": "37", "object_repr": "neo Rooflight neo-15", "action_flag": 2, "change_message": "[{\"changed\": {\"fields\": [\"Category\", \"Sku\", \"Name\", \"Description\", \"Price\", \"Image url\", \"Image\"]}}]"}}, {"model": "admin.logentry", "pk": 99, "fields": {"action_time": "2022-02-21T14:23:58.807Z", "user": 1, "content_type": 14, "object_id": "6", "object_repr": "modern_flat", "action_flag": 2, "change_message": "[{\"changed\": {\"fields\": [\"Name\"]}}]"}}, {"model": "admin.logentry", "pk": 100, "fields": {"action_time": "2022-02-21T14:26:07.336Z", "user": 1, "content_type": 13, "object_id": "38", "object_repr": "neo Advance NFF-01", "action_flag": 2, "change_message": "[{\"changed\": {\"fields\": [\"Category\", \"Sku\", \"Name\", \"Description\", \"Price\", \"Image url\", \"Image\"]}}]"}}, {"model": "admin.logentry", "pk": 101, "fields": {"action_time": "2022-02-21T14:27:18.696Z", "user": 1, "content_type": 13, "object_id": "39", "object_repr": "neo Advance NFF-02", "action_flag": 2, "change_message": "[{\"changed\": {\"fields\": [\"Category\", \"Sku\", \"Name\", \"Description\", \"Price\", \"Image url\", \"Image\"]}}]"}}, {"model": "admin.logentry", "pk": 102, "fields": {"action_time": "2022-02-21T14:28:04.825Z", "user": 1, "content_type": 13, "object_id": "40", "object_repr": "neo Advance NFF-03", "action_flag": 2, "change_message": "[{\"changed\": {\"fields\": [\"Category\", \"Sku\", \"Name\", \"Description\", \"Price\", \"Image url\", \"Image\"]}}]"}}, {"model": "admin.logentry", "pk": 103, "fields": {"action_time": "2022-02-21T14:28:48.148Z", "user": 1, "content_type": 13, "object_id": "41", "object_repr": "neo Advance NFF-04", "action_flag": 2, "change_message": "[{\"changed\": {\"fields\": [\"Category\", \"Sku\", \"Name\", \"Description\", \"Price\", \"Image url\", \"Image\"]}}]"}}, {"model": "admin.logentry", "pk": 104, "fields": {"action_time": "2022-02-21T14:29:47.358Z", "user": 1, "content_type": 13, "object_id": "42", "object_repr": "neo Advance NFF-05", "action_flag": 2, "change_message": "[{\"changed\": {\"fields\": [\"Category\", \"Sku\", \"Name\", \"Description\", \"Price\", \"Image url\", \"Image\"]}}]"}}, {"model": "admin.logentry", "pk": 105, "fields": {"action_time": "2022-02-21T14:30:38.772Z", "user": 1, "content_type": 13, "object_id": "43", "object_repr": "neo Advance NFF-06", "action_flag": 2, "change_message": "[{\"changed\": {\"fields\": [\"Category\", \"Sku\", \"Name\", \"Description\", \"Price\", \"Image url\", \"Image\"]}}]"}}, {"model": "admin.logentry", "pk": 106, "fields": {"action_time": "2022-02-21T14:31:19.748Z", "user": 1, "content_type": 13, "object_id": "44", "object_repr": "neo Advance NFF-07", "action_flag": 2, "change_message": "[{\"changed\": {\"fields\": [\"Category\", \"Sku\", \"Name\", \"Description\", \"Price\", \"Image url\", \"Image\"]}}]"}}, {"model": "admin.logentry", "pk": 107, "fields": {"action_time": "2022-02-21T14:31:27.447Z", "user": 1, "content_type": 13, "object_id": "38", "object_repr": "neo Advance NFF-01", "action_flag": 2, "change_message": "[{\"changed\": {\"fields\": [\"Description\"]}}]"}}, {"model": "admin.logentry", "pk": 108, "fields": {"action_time": "2022-02-21T14:31:33.161Z", "user": 1, "content_type": 13, "object_id": "39", "object_repr": "neo Advance NFF-02", "action_flag": 2, "change_message": "[{\"changed\": {\"fields\": [\"Description\"]}}]"}}, {"model": "admin.logentry", "pk": 109, "fields": {"action_time": "2022-02-21T14:31:38.985Z", "user": 1, "content_type": 13, "object_id": "40", "object_repr": "neo Advance NFF-03", "action_flag": 2, "change_message": "[{\"changed\": {\"fields\": [\"Description\"]}}]"}}, {"model": "admin.logentry", "pk": 110, "fields": {"action_time": "2022-02-21T14:31:43.667Z", "user": 1, "content_type": 13, "object_id": "40", "object_repr": "neo Advance NFF-03", "action_flag": 2, "change_message": "[]"}}, {"model": "admin.logentry", "pk": 111, "fields": {"action_time": "2022-02-21T14:31:50.094Z", "user": 1, "content_type": 13, "object_id": "41", "object_repr": "neo Advance NFF-04", "action_flag": 2, "change_message": "[{\"changed\": {\"fields\": [\"Description\"]}}]"}}, {"model": "admin.logentry", "pk": 112, "fields": {"action_time": "2022-02-21T14:32:08.230Z", "user": 1, "content_type": 13, "object_id": "44", "object_repr": "neo Advance NFF-07", "action_flag": 2, "change_message": "[]"}}, {"model": "admin.logentry", "pk": 113, "fields": {"action_time": "2022-02-21T14:33:16.714Z", "user": 1, "content_type": 13, "object_id": "45", "object_repr": "neo Advance NFO-01", "action_flag": 2, "change_message": "[{\"changed\": {\"fields\": [\"Category\", \"Sku\", \"Name\", \"Description\", \"Price\", \"Image url\", \"Image\"]}}]"}}, {"model": "admin.logentry", "pk": 114, "fields": {"action_time": "2022-02-21T14:34:10.168Z", "user": 1, "content_type": 13, "object_id": "46", "object_repr": "neo Advance NFO-02", "action_flag": 2, "change_message": "[{\"changed\": {\"fields\": [\"Category\", \"Sku\", \"Name\", \"Description\", \"Price\", \"Image url\", \"Image\"]}}]"}}, {"model": "admin.logentry", "pk": 115, "fields": {"action_time": "2022-02-21T14:35:03.841Z", "user": 1, "content_type": 13, "object_id": "47", "object_repr": "neo Advance NFO-03", "action_flag": 2, "change_message": "[{\"changed\": {\"fields\": [\"Category\", \"Sku\", \"Name\", \"Description\", \"Price\", \"Image url\", \"Image\"]}}]"}}, {"model": "admin.logentry", "pk": 116, "fields": {"action_time": "2022-02-21T14:36:16.205Z", "user": 1, "content_type": 13, "object_id": "48", "object_repr": "neo Advance NFO-04", "action_flag": 2, "change_message": "[{\"changed\": {\"fields\": [\"Category\", \"Sku\", \"Name\", \"Description\", \"Price\", \"Image url\", \"Image\"]}}]"}}, {"model": "admin.logentry", "pk": 117, "fields": {"action_time": "2022-02-21T14:37:20.825Z", "user": 1, "content_type": 13, "object_id": "49", "object_repr": "neo Advance NFO-05", "action_flag": 2, "change_message": "[{\"changed\": {\"fields\": [\"Category\", \"Sku\", \"Name\", \"Description\", \"Price\", \"Image url\", \"Image\"]}}]"}}, {"model": "admin.logentry", "pk": 118, "fields": {"action_time": "2022-02-21T14:38:16.720Z", "user": 1, "content_type": 13, "object_id": "50", "object_repr": "neo Advance NFO-06", "action_flag": 2, "change_message": "[{\"changed\": {\"fields\": [\"Category\", \"Sku\", \"Name\", \"Description\", \"Price\", \"Image url\", \"Image\"]}}]"}}, {"model": "admin.logentry", "pk": 119, "fields": {"action_time": "2022-02-21T14:46:15.944Z", "user": 1, "content_type": 13, "object_id": "167", "object_repr": "Studio 1 Sleeveless Embellished-Neck Handkerchief Dress - Plus", "action_flag": 3, "change_message": ""}}, {"model": "admin.logentry", "pk": 120, "fields": {"action_time": "2022-02-21T14:46:15.948Z", "user": 1, "content_type": 13, "object_id": "168", "object_repr": "Danny & Nicole Sleeveless Printed Fit-and-Flare Dress - Plus", "action_flag": 3, "change_message": ""}}, {"model": "admin.logentry", "pk": 121, "fields": {"action_time": "2022-02-21T14:46:15.952Z", "user": 1, "content_type": 13, "object_id": "169", "object_repr": "MaryJane's Home Cotton Clouds Square Decorative Pillow", "action_flag": 3, "change_message": ""}}, {"model": "admin.logentry", "pk": 122, "fields": {"action_time": "2022-02-21T14:46:15.955Z", "user": 1, "content_type": 13, "object_id": "170", "object_repr": "City Triangles Sleeveless Lace Top Printed Short Belted Romper", "action_flag": 3, "change_message": ""}}, {"model": "admin.logentry", "pk": 123, "fields": {"action_time": "2022-02-21T14:46:15.959Z", "user": 1, "content_type": 13, "object_id": "171", "object_repr": "by&by Spaghetti Strap Crochet Inset Waist Dress", "action_flag": 3, "change_message": ""}}, {"model": "admin.logentry", "pk": 124, "fields": {"action_time": "2022-02-21T14:46:15.962Z", "user": 1, "content_type": 13, "object_id": "172", "object_repr": "Stylus Flare Jeans", "action_flag": 3, "change_message": ""}}, {"model": "admin.logentry", "pk": 125, "fields": {"action_time": "2022-02-21T14:46:15.966Z", "user": 1, "content_type": 13, "object_id": "173", "object_repr": "Alyx Printed Maxi Skirt", "action_flag": 3, "change_message": ""}}, {"model": "admin.logentry", "pk": 126, "fields": {"action_time": "2022-02-21T14:46:15.971Z", "user": 1, "content_type": 13, "object_id": "174", "object_repr": "St. John's Bay Ikat Sharkbite Tank Top", "action_flag": 3, "change_message": ""}}, {"model": "admin.logentry", "pk": 127, "fields": {"action_time": "2022-02-21T14:48:01.093Z", "user": 1, "content_type": 13, "object_id": "51", "object_repr": "Stylus Short-Sleeve V-Neck Slub Tee - Plus", "action_flag": 3, "change_message": ""}}, {"model": "admin.logentry", "pk": 128, "fields": {"action_time": "2022-02-21T14:48:01.098Z", "user": 1, "content_type": 13, "object_id": "52", "object_repr": "Philips Airfryer Grill Pan", "action_flag": 3, "change_message": ""}}, {"model": "admin.logentry", "pk": 129, "fields": {"action_time": "2022-02-21T14:48:01.102Z", "user": 1, "content_type": 13, "object_id": "53", "object_repr": "Claiborne Short-Sleeve Woven Shirt", "action_flag": 3, "change_message": ""}}, {"model": "admin.logentry", "pk": 130, "fields": {"action_time": "2022-02-21T14:48:01.105Z", "user": 1, "content_type": 13, "object_id": "54", "object_repr": "adidas Adilogo Shock Energy Tee", "action_flag": 3, "change_message": ""}}, {"model": "admin.logentry", "pk": 131, "fields": {"action_time": "2022-02-21T14:48:01.109Z", "user": 1, "content_type": 13, "object_id": "55", "object_repr": "adidas climacool Boxer Briefs", "action_flag": 3, "change_message": ""}}, {"model": "admin.logentry", "pk": 132, "fields": {"action_time": "2022-02-21T14:48:01.113Z", "user": 1, "content_type": 13, "object_id": "56", "object_repr": "Stylus Slim Straight-Leg Jeans - Plus", "action_flag": 3, "change_message": ""}}, {"model": "admin.logentry", "pk": 133, "fields": {"action_time": "2022-02-21T14:48:01.116Z", "user": 1, "content_type": 13, "object_id": "57", "object_repr": "Worthington Sateen Cropped Pants - Petite", "action_flag": 3, "change_message": ""}}, {"model": "admin.logentry", "pk": 134, "fields": {"action_time": "2022-02-21T14:48:01.120Z", "user": 1, "content_type": 13, "object_id": "58", "object_repr": "Madison Park Essentials Concord Reversible Complete Bedding Set with Sheets", "action_flag": 3, "change_message": ""}}, {"model": "admin.logentry", "pk": 135, "fields": {"action_time": "2022-02-21T14:48:01.123Z", "user": 1, "content_type": 13, "object_id": "59", "object_repr": "Keurig K250 2.0 Compact Brewer", "action_flag": 3, "change_message": ""}}, {"model": "admin.logentry", "pk": 136, "fields": {"action_time": "2022-02-21T14:48:01.127Z", "user": 1, "content_type": 13, "object_id": "60", "object_repr": "Wrangler Reserve Authentic Relaxed-Fit Jeans-Big & Tall", "action_flag": 3, "change_message": ""}}, {"model": "admin.logentry", "pk": 137, "fields": {"action_time": "2022-02-21T14:48:01.130Z", "user": 1, "content_type": 13, "object_id": "61", "object_repr": "Eva Longoria Home Solana 4-pc. Comforter Set", "action_flag": 3, "change_message": ""}}, {"model": "admin.logentry", "pk": 138, "fields": {"action_time": "2022-02-21T14:48:01.134Z", "user": 1, "content_type": 13, "object_id": "62", "object_repr": "Carter's 4-pc. Take Me Home Set - Baby Boys preemie-6m", "action_flag": 3, "change_message": ""}}, {"model": "admin.logentry", "pk": 139, "fields": {"action_time": "2022-02-21T14:48:01.137Z", "user": 1, "content_type": 13, "object_id": "63", "object_repr": "Pfaltzgraff Everyday Sandy Shore 16-pc. Dinnerware Set", "action_flag": 3, "change_message": ""}}, {"model": "admin.logentry", "pk": 140, "fields": {"action_time": "2022-02-21T14:48:01.141Z", "user": 1, "content_type": 13, "object_id": "64", "object_repr": "Arizona Graphic Tee - Boys 8-20 and Husky", "action_flag": 3, "change_message": ""}}, {"model": "admin.logentry", "pk": 141, "fields": {"action_time": "2022-02-21T14:48:01.144Z", "user": 1, "content_type": 13, "object_id": "65", "object_repr": "Armitron Now Womens Crystal-Accent White Leather Strap Watch", "action_flag": 3, "change_message": ""}}, {"model": "admin.logentry", "pk": 142, "fields": {"action_time": "2022-02-21T14:48:01.148Z", "user": 1, "content_type": 13, "object_id": "66", "object_repr": "Nike Air Sickness Graphic Tee", "action_flag": 3, "change_message": ""}}, {"model": "admin.logentry", "pk": 143, "fields": {"action_time": "2022-02-21T14:48:01.153Z", "user": 1, "content_type": 13, "object_id": "67", "object_repr": "Claiborne Long-Sleeve Linen Shirt", "action_flag": 3, "change_message": ""}}, {"model": "admin.logentry", "pk": 144, "fields": {"action_time": "2022-02-21T14:48:01.157Z", "user": 1, "content_type": 13, "object_id": "68", "object_repr": "Arizona Bootcut Jeans", "action_flag": 3, "change_message": ""}}, {"model": "admin.logentry", "pk": 145, "fields": {"action_time": "2022-02-21T14:48:01.161Z", "user": 1, "content_type": 13, "object_id": "69", "object_repr": "Home Expressions Microfiber Twin XL Sheet Set", "action_flag": 3, "change_message": ""}}, {"model": "admin.logentry", "pk": 146, "fields": {"action_time": "2022-02-21T14:48:01.165Z", "user": 1, "content_type": 13, "object_id": "70", "object_repr": "Isotonic Iso-Cool Memory Foam Contour Pillow", "action_flag": 3, "change_message": ""}}, {"model": "admin.logentry", "pk": 147, "fields": {"action_time": "2022-02-21T14:48:01.169Z", "user": 1, "content_type": 13, "object_id": "71", "object_repr": "totes Tracey Womens Cold-Weather Boots", "action_flag": 3, "change_message": ""}}, {"model": "admin.logentry", "pk": 148, "fields": {"action_time": "2022-02-21T14:48:01.173Z", "user": 1, "content_type": 13, "object_id": "72", "object_repr": "Love Indigo Wing Back Flap Pocket Jeans", "action_flag": 3, "change_message": ""}}, {"model": "admin.logentry", "pk": 149, "fields": {"action_time": "2022-02-21T14:48:01.177Z", "user": 1, "content_type": 13, "object_id": "73", "object_repr": "Love Indigo Embroidered Back Pocket Jeans", "action_flag": 3, "change_message": ""}}, {"model": "admin.logentry", "pk": 150, "fields": {"action_time": "2022-02-21T14:48:01.180Z", "user": 1, "content_type": 13, "object_id": "74", "object_repr": "Love Indigo Cross Back Flap Pocket Jeans", "action_flag": 3, "change_message": ""}}, {"model": "admin.logentry", "pk": 151, "fields": {"action_time": "2022-02-21T14:48:01.184Z", "user": 1, "content_type": 13, "object_id": "75", "object_repr": "Arizona Ankle-Zip Jeggings", "action_flag": 3, "change_message": ""}}, {"model": "admin.logentry", "pk": 152, "fields": {"action_time": "2022-02-21T14:48:01.190Z", "user": 1, "content_type": 13, "object_id": "76", "object_repr": "Vanilla Star Embellished Skinny Jeans - Girls 7-16 and Plus", "action_flag": 3, "change_message": ""}}, {"model": "admin.logentry", "pk": 153, "fields": {"action_time": "2022-02-21T14:48:01.193Z", "user": 1, "content_type": 13, "object_id": "77", "object_repr": "Worthington 3/4-Sleeve Button-Front Oxford Shirt - Petite", "action_flag": 3, "change_message": ""}}, {"model": "admin.logentry", "pk": 154, "fields": {"action_time": "2022-02-21T14:48:01.197Z", "user": 1, "content_type": 13, "object_id": "78", "object_repr": "a.n.a Skinny Jeans", "action_flag": 3, "change_message": ""}}, {"model": "admin.logentry", "pk": 155, "fields": {"action_time": "2022-02-21T14:48:01.200Z", "user": 1, "content_type": 13, "object_id": "79", "object_repr": "a.n.a Bootcut Jeans", "action_flag": 3, "change_message": ""}}, {"model": "admin.logentry", "pk": 156, "fields": {"action_time": "2022-02-21T14:48:01.204Z", "user": 1, "content_type": 13, "object_id": "80", "object_repr": "Levi's Houlihan Short-Sleeve Logo Tee", "action_flag": 3, "change_message": ""}}, {"model": "admin.logentry", "pk": 157, "fields": {"action_time": "2022-02-21T14:48:01.208Z", "user": 1, "content_type": 13, "object_id": "81", "object_repr": "a.n.a Jeggings - Plus", "action_flag": 3, "change_message": ""}}, {"model": "admin.logentry", "pk": 158, "fields": {"action_time": "2022-02-21T14:48:01.211Z", "user": 1, "content_type": 13, "object_id": "82", "object_repr": "Nike Therma-FIT Pullover Hoodie - Boys 8-20", "action_flag": 3, "change_message": ""}}, {"model": "admin.logentry", "pk": 159, "fields": {"action_time": "2022-02-21T14:48:01.215Z", "user": 1, "content_type": 13, "object_id": "83", "object_repr": "Disney Collection Frozen Elsa Graphic Tee - Girls 2-12", "action_flag": 3, "change_message": ""}}, {"model": "admin.logentry", "pk": 160, "fields": {"action_time": "2022-02-21T14:48:01.219Z", "user": 1, "content_type": 13, "object_id": "84", "object_repr": "Dickies Short-Sleeve Performance Polo", "action_flag": 3, "change_message": ""}}, {"model": "admin.logentry", "pk": 161, "fields": {"action_time": "2022-02-21T14:48:01.222Z", "user": 1, "content_type": 13, "object_id": "85", "object_repr": "Sunbeam Comfy Toes Microplush Heated Throw", "action_flag": 3, "change_message": ""}}, {"model": "admin.logentry", "pk": 162, "fields": {"action_time": "2022-02-21T14:48:01.226Z", "user": 1, "content_type": 13, "object_id": "86", "object_repr": "Madison Park Lavinia 6-pc. Quilted Coverlet Set", "action_flag": 3, "change_message": ""}}, {"model": "admin.logentry", "pk": 163, "fields": {"action_time": "2022-02-21T14:48:01.229Z", "user": 1, "content_type": 13, "object_id": "87", "object_repr": "Xersion Quick-Dri Performance Bootcut Pant - Short", "action_flag": 3, "change_message": ""}}, {"model": "admin.logentry", "pk": 164, "fields": {"action_time": "2022-02-21T14:48:01.233Z", "user": 1, "content_type": 13, "object_id": "88", "object_repr": "Lugz Empire Hi Mens Water-Resistant Hiking Boots", "action_flag": 3, "change_message": ""}}, {"model": "admin.logentry", "pk": 165, "fields": {"action_time": "2022-02-21T14:48:01.236Z", "user": 1, "content_type": 13, "object_id": "89", "object_repr": "Made For Life Mesh Jacket - Plus", "action_flag": 3, "change_message": ""}}, {"model": "admin.logentry", "pk": 166, "fields": {"action_time": "2022-02-21T14:48:01.239Z", "user": 1, "content_type": 13, "object_id": "90", "object_repr": "Stafford Travel Brown Check Suit Jacket - Classic Fit", "action_flag": 3, "change_message": ""}}, {"model": "admin.logentry", "pk": 167, "fields": {"action_time": "2022-02-21T14:48:01.242Z", "user": 1, "content_type": 13, "object_id": "91", "object_repr": "Arizona Raglan-Sleeve Thermal Pullover", "action_flag": 3, "change_message": ""}}, {"model": "admin.logentry", "pk": 168, "fields": {"action_time": "2022-02-21T14:48:01.246Z", "user": 1, "content_type": 13, "object_id": "92", "object_repr": "Made For Life Long-Sleeve Flyaway Cardigan", "action_flag": 3, "change_message": ""}}, {"model": "admin.logentry", "pk": 169, "fields": {"action_time": "2022-02-21T14:48:01.249Z", "user": 1, "content_type": 13, "object_id": "93", "object_repr": "Stafford Flannel Pajama Set - Big & Tall", "action_flag": 3, "change_message": ""}}, {"model": "admin.logentry", "pk": 170, "fields": {"action_time": "2022-02-21T14:48:01.252Z", "user": 1, "content_type": 13, "object_id": "94", "object_repr": "Arizona Flannel Shirt - Preschool Boys 4-7", "action_flag": 3, "change_message": ""}}, {"model": "admin.logentry", "pk": 171, "fields": {"action_time": "2022-02-21T14:48:01.256Z", "user": 1, "content_type": 13, "object_id": "95", "object_repr": "Vieste Green Stone Statement Necklace", "action_flag": 3, "change_message": ""}}, {"model": "admin.logentry", "pk": 172, "fields": {"action_time": "2022-02-21T14:48:01.260Z", "user": 1, "content_type": 13, "object_id": "96", "object_repr": "Bonnie Jean Plaid Dress and Cardigan - Girls Plus", "action_flag": 3, "change_message": ""}}, {"model": "admin.logentry", "pk": 173, "fields": {"action_time": "2022-02-21T14:48:01.263Z", "user": 1, "content_type": 13, "object_id": "97", "object_repr": "Arizona Quilted Sweatshirt - Toddler Girls 2t-5t", "action_flag": 3, "change_message": ""}}, {"model": "admin.logentry", "pk": 174, "fields": {"action_time": "2022-02-21T14:48:01.266Z", "user": 1, "content_type": 13, "object_id": "98", "object_repr": "Arlee Jada Plaid Set of 4 Placemats", "action_flag": 3, "change_message": ""}}, {"model": "admin.logentry", "pk": 175, "fields": {"action_time": "2022-02-21T14:48:01.270Z", "user": 1, "content_type": 13, "object_id": "99", "object_repr": "St. John's Bay Short-Sleeve Polo Shirt - Plus", "action_flag": 3, "change_message": ""}}, {"model": "admin.logentry", "pk": 176, "fields": {"action_time": "2022-02-21T14:48:01.275Z", "user": 1, "content_type": 13, "object_id": "100", "object_repr": "Stylus Crossover Ankle Pants", "action_flag": 3, "change_message": ""}}, {"model": "admin.logentry", "pk": 177, "fields": {"action_time": "2022-02-21T14:48:01.278Z", "user": 1, "content_type": 13, "object_id": "101", "object_repr": "Stafford Non-Iron Cotton Oxford Dress Shirt - Big & Tall", "action_flag": 3, "change_message": ""}}, {"model": "admin.logentry", "pk": 178, "fields": {"action_time": "2022-02-21T14:48:01.282Z", "user": 1, "content_type": 13, "object_id": "102", "object_repr": "a.n.a Long-Sleeve Colorblock Sweater", "action_flag": 3, "change_message": ""}}, {"model": "admin.logentry", "pk": 179, "fields": {"action_time": "2022-02-21T14:48:01.287Z", "user": 1, "content_type": 13, "object_id": "103", "object_repr": "Stafford Travel Short-Sleeve Easy-Care Broadcloth Dress Shirt - Big & Tall", "action_flag": 3, "change_message": ""}}, {"model": "admin.logentry", "pk": 180, "fields": {"action_time": "2022-02-21T14:48:01.291Z", "user": 1, "content_type": 13, "object_id": "104", "object_repr": "Gloria Vanderbilt Amanda Jeans - Plus", "action_flag": 3, "change_message": ""}}, {"model": "admin.logentry", "pk": 181, "fields": {"action_time": "2022-02-21T14:48:01.295Z", "user": 1, "content_type": 13, "object_id": "105", "object_repr": "Made For Life Polar Fleece Vest", "action_flag": 3, "change_message": ""}}, {"model": "admin.logentry", "pk": 182, "fields": {"action_time": "2022-02-21T14:48:01.300Z", "user": 1, "content_type": 13, "object_id": "106", "object_repr": "Frank and Lulu Holland Park Comforter Set", "action_flag": 3, "change_message": ""}}, {"model": "admin.logentry", "pk": 183, "fields": {"action_time": "2022-02-21T14:48:01.304Z", "user": 1, "content_type": 13, "object_id": "107", "object_repr": "Frank and Lulu Layne Sheet Set", "action_flag": 3, "change_message": ""}}, {"model": "admin.logentry", "pk": 184, "fields": {"action_time": "2022-02-21T14:48:01.308Z", "user": 1, "content_type": 13, "object_id": "108", "object_repr": "Jamaica Bay Printed Micro Volley Swim Trunks", "action_flag": 3, "change_message": ""}}, {"model": "admin.logentry", "pk": 185, "fields": {"action_time": "2022-02-21T14:48:01.312Z", "user": 1, "content_type": 13, "object_id": "109", "object_repr": "Arizona Raglan Henley Tee - Boys 8-20", "action_flag": 3, "change_message": ""}}, {"model": "admin.logentry", "pk": 186, "fields": {"action_time": "2022-02-21T14:48:01.316Z", "user": 1, "content_type": 13, "object_id": "110", "object_repr": "Brooklyn Xpress Fleece Jogger Pants", "action_flag": 3, "change_message": ""}}, {"model": "admin.logentry", "pk": 187, "fields": {"action_time": "2022-02-21T14:48:01.319Z", "user": 1, "content_type": 13, "object_id": "111", "object_repr": "Bob Marely 1976 T-Shirt", "action_flag": 3, "change_message": ""}}, {"model": "admin.logentry", "pk": 188, "fields": {"action_time": "2022-02-21T14:48:01.323Z", "user": 1, "content_type": 13, "object_id": "112", "object_repr": "Diamond 24-pc. Bath Towel Set", "action_flag": 3, "change_message": ""}}, {"model": "admin.logentry", "pk": 189, "fields": {"action_time": "2022-02-21T14:48:01.327Z", "user": 1, "content_type": 13, "object_id": "113", "object_repr": "Arizona Raglan T-Shirt", "action_flag": 3, "change_message": ""}}, {"model": "admin.logentry", "pk": 190, "fields": {"action_time": "2022-02-21T14:48:01.331Z", "user": 1, "content_type": 13, "object_id": "114", "object_repr": "Arizona Pocket T-Shirt", "action_flag": 3, "change_message": ""}}, {"model": "admin.logentry", "pk": 191, "fields": {"action_time": "2022-02-21T14:48:01.335Z", "user": 1, "content_type": 13, "object_id": "115", "object_repr": "Liz Claiborne City-Fit Skinny Jeans - Plus", "action_flag": 3, "change_message": ""}}, {"model": "admin.logentry", "pk": 192, "fields": {"action_time": "2022-02-21T14:48:01.339Z", "user": 1, "content_type": 13, "object_id": "116", "object_repr": "Nike Dri-FIT Base Layer Tights", "action_flag": 3, "change_message": ""}}, {"model": "admin.logentry", "pk": 193, "fields": {"action_time": "2022-02-21T14:48:01.343Z", "user": 1, "content_type": 13, "object_id": "117", "object_repr": "Clarks Lexi Alloy Slide Strap Sandals", "action_flag": 3, "change_message": ""}}, {"model": "admin.logentry", "pk": 194, "fields": {"action_time": "2022-02-21T14:48:01.346Z", "user": 1, "content_type": 13, "object_id": "118", "object_repr": "Liz Claiborne Long-Sleeve V-Neck Striped Tunic", "action_flag": 3, "change_message": ""}}, {"model": "admin.logentry", "pk": 195, "fields": {"action_time": "2022-02-21T14:48:01.349Z", "user": 1, "content_type": 13, "object_id": "119", "object_repr": "Xersion Colorblock Yoga Shorts - Girls 7-16 and Plus", "action_flag": 3, "change_message": ""}}, {"model": "admin.logentry", "pk": 196, "fields": {"action_time": "2022-02-21T14:48:01.353Z", "user": 1, "content_type": 13, "object_id": "120", "object_repr": "Vans Zone Bluts Short-Sleeve T-Shirt", "action_flag": 3, "change_message": ""}}, {"model": "admin.logentry", "pk": 197, "fields": {"action_time": "2022-02-21T14:48:01.357Z", "user": 1, "content_type": 13, "object_id": "121", "object_repr": "Xersion Short-Sleeve V-Neck Graphic Tee - Girls 7-16 and Plus", "action_flag": 3, "change_message": ""}}, {"model": "admin.logentry", "pk": 198, "fields": {"action_time": "2022-02-21T14:48:01.360Z", "user": 1, "content_type": 13, "object_id": "122", "object_repr": "St. John's Bay Short-Sleeve V-Neck T-Shirt", "action_flag": 3, "change_message": ""}}, {"model": "admin.logentry", "pk": 199, "fields": {"action_time": "2022-02-21T14:48:01.364Z", "user": 1, "content_type": 13, "object_id": "123", "object_repr": "Alfred Dunner Denim Capris", "action_flag": 3, "change_message": ""}}, {"model": "admin.logentry", "pk": 200, "fields": {"action_time": "2022-02-21T14:48:01.368Z", "user": 1, "content_type": 13, "object_id": "124", "object_repr": "Worthington Short-Sleeve Scoopneck T-Shirt - Tall", "action_flag": 3, "change_message": ""}}, {"model": "admin.logentry", "pk": 201, "fields": {"action_time": "2022-02-21T14:48:01.372Z", "user": 1, "content_type": 13, "object_id": "125", "object_repr": "Stylus Flare Jeans", "action_flag": 3, "change_message": ""}}, {"model": "admin.logentry", "pk": 202, "fields": {"action_time": "2022-02-21T14:48:01.375Z", "user": 1, "content_type": 13, "object_id": "126", "object_repr": "Marmellata Sleeveless Dotted Dress - Preschool Girls 4-6x", "action_flag": 3, "change_message": ""}}, {"model": "admin.logentry", "pk": 203, "fields": {"action_time": "2022-02-21T14:48:01.379Z", "user": 1, "content_type": 13, "object_id": "127", "object_repr": "Levi's 527 Bootcut Jeans - Boys 8-20, Slim and Husky", "action_flag": 3, "change_message": ""}}, {"model": "admin.logentry", "pk": 204, "fields": {"action_time": "2022-02-21T14:48:01.383Z", "user": 1, "content_type": 13, "object_id": "128", "object_repr": "Mixit Whitney Leggings - Tall", "action_flag": 3, "change_message": ""}}, {"model": "admin.logentry", "pk": 205, "fields": {"action_time": "2022-02-21T14:48:01.386Z", "user": 1, "content_type": 13, "object_id": "129", "object_repr": "Mixit Side Flower Jelly Strap Sandals", "action_flag": 3, "change_message": ""}}, {"model": "admin.logentry", "pk": 206, "fields": {"action_time": "2022-02-21T14:48:01.390Z", "user": 1, "content_type": 13, "object_id": "130", "object_repr": "Arizona Racerback Tank - Juniors Plus", "action_flag": 3, "change_message": ""}}, {"model": "admin.logentry", "pk": 207, "fields": {"action_time": "2022-02-21T14:48:01.394Z", "user": 1, "content_type": 13, "object_id": "131", "object_repr": "St. John's Bay Long-Sleeve Camp Shirt", "action_flag": 3, "change_message": ""}}, {"model": "admin.logentry", "pk": 208, "fields": {"action_time": "2022-02-21T14:48:01.398Z", "user": 1, "content_type": 13, "object_id": "132", "object_repr": "Alfred Dunner Essential Pull On Capri Pant", "action_flag": 3, "change_message": ""}}, {"model": "admin.logentry", "pk": 209, "fields": {"action_time": "2022-02-21T14:48:01.401Z", "user": 1, "content_type": 13, "object_id": "133", "object_repr": "Worthington Tipped Envelope Skirt - Tall", "action_flag": 3, "change_message": ""}}, {"model": "admin.logentry", "pk": 210, "fields": {"action_time": "2022-02-21T14:48:01.405Z", "user": 1, "content_type": 13, "object_id": "134", "object_repr": "Stylus Destructed Roll-Cuff Boyfriend Crop Jeans", "action_flag": 3, "change_message": ""}}, {"model": "admin.logentry", "pk": 211, "fields": {"action_time": "2022-02-21T14:48:01.409Z", "user": 1, "content_type": 13, "object_id": "135", "object_repr": "a.n.a Roll-Cuff Skinny Ankle Jeans", "action_flag": 3, "change_message": ""}}, {"model": "admin.logentry", "pk": 212, "fields": {"action_time": "2022-02-21T14:48:01.412Z", "user": 1, "content_type": 13, "object_id": "136", "object_repr": "Bounce Comfort Plush Memory Foam Chenille Bath Mats", "action_flag": 3, "change_message": ""}}, {"model": "admin.logentry", "pk": 213, "fields": {"action_time": "2022-02-21T14:48:01.416Z", "user": 1, "content_type": 13, "object_id": "137", "object_repr": "Disney Minnie Mouse Girls Athletic Shoes - Toddler", "action_flag": 3, "change_message": ""}}, {"model": "admin.logentry", "pk": 214, "fields": {"action_time": "2022-02-21T14:48:01.420Z", "user": 1, "content_type": 13, "object_id": "138", "object_repr": "Worthington 3/4-Sleeve Open-Front Cardigan Sweater", "action_flag": 3, "change_message": ""}}, {"model": "admin.logentry", "pk": 215, "fields": {"action_time": "2022-02-21T14:48:01.424Z", "user": 1, "content_type": 13, "object_id": "139", "object_repr": "Champion Vapor Muscle Tank - Plus", "action_flag": 3, "change_message": ""}}, {"model": "admin.logentry", "pk": 216, "fields": {"action_time": "2022-02-21T14:48:01.427Z", "user": 1, "content_type": 13, "object_id": "142", "object_repr": "Xersion Mesh-Back Tank Top - Plus", "action_flag": 3, "change_message": ""}}, {"model": "admin.logentry", "pk": 217, "fields": {"action_time": "2022-02-21T14:48:01.430Z", "user": 1, "content_type": 13, "object_id": "143", "object_repr": "Arizona Cropped Jeans with Belt - Girls 7-16 and Plus", "action_flag": 3, "change_message": ""}}, {"model": "admin.logentry", "pk": 218, "fields": {"action_time": "2022-02-21T14:48:01.434Z", "user": 1, "content_type": 13, "object_id": "144", "object_repr": "Liz Claiborne City-Fit 5-Pocket Flared Cropped Jeans - Tall", "action_flag": 3, "change_message": ""}}, {"model": "admin.logentry", "pk": 219, "fields": {"action_time": "2022-02-21T14:48:01.438Z", "user": 1, "content_type": 13, "object_id": "145", "object_repr": "Presto Pizzazz Plus Rotating Oven", "action_flag": 3, "change_message": ""}}, {"model": "admin.logentry", "pk": 220, "fields": {"action_time": "2022-02-21T14:48:01.442Z", "user": 1, "content_type": 13, "object_id": "146", "object_repr": "Rachael Ray 10-pc. Hard-Anodized Cookware Set", "action_flag": 3, "change_message": ""}}, {"model": "admin.logentry", "pk": 221, "fields": {"action_time": "2022-02-21T14:48:01.445Z", "user": 1, "content_type": 13, "object_id": "147", "object_repr": "Island Shores Short-Sleeve Printed Camp Shirt", "action_flag": 3, "change_message": ""}}, {"model": "admin.logentry", "pk": 222, "fields": {"action_time": "2022-02-21T14:48:01.449Z", "user": 1, "content_type": 13, "object_id": "148", "object_repr": "Black+Decker Stainless Steel Rapid 2-Slice Toaster", "action_flag": 3, "change_message": ""}}, {"model": "admin.logentry", "pk": 223, "fields": {"action_time": "2022-02-21T14:48:01.454Z", "user": 1, "content_type": 13, "object_id": "149", "object_repr": "Stylus Linen Crop Pants", "action_flag": 3, "change_message": ""}}, {"model": "admin.logentry", "pk": 224, "fields": {"action_time": "2022-02-21T14:48:01.458Z", "user": 1, "content_type": 13, "object_id": "150", "object_repr": "Carter's Short-Sleeve Shark Tee - Preschool Boys 4-7", "action_flag": 3, "change_message": ""}}, {"model": "admin.logentry", "pk": 225, "fields": {"action_time": "2022-02-21T14:48:01.461Z", "user": 1, "content_type": 13, "object_id": "151", "object_repr": "Made for Life Secretly Slender Capri Leggings - Plus", "action_flag": 3, "change_message": ""}}, {"model": "admin.logentry", "pk": 226, "fields": {"action_time": "2022-02-21T14:48:01.465Z", "user": 1, "content_type": 13, "object_id": "152", "object_repr": "Arizona Raw-Edge Denim Bermuda Shorts - Juniors Plus", "action_flag": 3, "change_message": ""}}, {"model": "admin.logentry", "pk": 227, "fields": {"action_time": "2022-02-21T14:48:01.469Z", "user": 1, "content_type": 13, "object_id": "153", "object_repr": "Made For Life Short-Sleeve Print V-Neck Mesh T-Shirt - Tall", "action_flag": 3, "change_message": ""}}, {"model": "admin.logentry", "pk": 228, "fields": {"action_time": "2022-02-21T14:48:01.472Z", "user": 1, "content_type": 13, "object_id": "154", "object_repr": "Dockers Signature Classic-Fit Flat-Front Pants", "action_flag": 3, "change_message": ""}}, {"model": "admin.logentry", "pk": 229, "fields": {"action_time": "2022-02-21T14:48:01.476Z", "user": 1, "content_type": 13, "object_id": "155", "object_repr": "Stylus Long-Sleeve Back-Pleat Oversized Shirt- Petite", "action_flag": 3, "change_message": ""}}, {"model": "admin.logentry", "pk": 230, "fields": {"action_time": "2022-02-21T14:48:01.480Z", "user": 1, "content_type": 13, "object_id": "156", "object_repr": "Graham & Co. Dress Shirt, Tie and Pre-Tied Bow Tie", "action_flag": 3, "change_message": ""}}, {"model": "admin.logentry", "pk": 231, "fields": {"action_time": "2022-02-21T14:48:01.483Z", "user": 1, "content_type": 13, "object_id": "157", "object_repr": "Arizona Flex Skinny Jeans", "action_flag": 3, "change_message": ""}}, {"model": "admin.logentry", "pk": 232, "fields": {"action_time": "2022-02-21T14:48:01.486Z", "user": 1, "content_type": 13, "object_id": "158", "object_repr": "Worthington Embroidered Tank Top - Tall", "action_flag": 3, "change_message": ""}}, {"model": "admin.logentry", "pk": 233, "fields": {"action_time": "2022-02-21T14:48:01.489Z", "user": 1, "content_type": 13, "object_id": "159", "object_repr": "Made for Life Mesh Shorts - Tall", "action_flag": 3, "change_message": ""}}, {"model": "admin.logentry", "pk": 234, "fields": {"action_time": "2022-02-21T14:48:01.493Z", "user": 1, "content_type": 13, "object_id": "160", "object_repr": "Worthington Slim-Fit Cropped Pants", "action_flag": 3, "change_message": ""}}, {"model": "admin.logentry", "pk": 235, "fields": {"action_time": "2022-02-21T14:48:01.496Z", "user": 1, "content_type": 13, "object_id": "161", "object_repr": "Arizona Poplin Cargo Shorts - Boys 8-20", "action_flag": 3, "change_message": ""}}, {"model": "admin.logentry", "pk": 236, "fields": {"action_time": "2022-02-21T14:48:01.499Z", "user": 1, "content_type": 13, "object_id": "162", "object_repr": "a.n.a Sleeveless Cinched Waist Knit Jumpsuit", "action_flag": 3, "change_message": ""}}, {"model": "admin.logentry", "pk": 237, "fields": {"action_time": "2022-02-21T14:48:01.502Z", "user": 1, "content_type": 13, "object_id": "163", "object_repr": "i jeans by Buffalo Lace Midi Skirt", "action_flag": 3, "change_message": ""}}, {"model": "admin.logentry", "pk": 238, "fields": {"action_time": "2022-02-21T14:48:01.505Z", "user": 1, "content_type": 13, "object_id": "164", "object_repr": "Liz Claiborne Roll-Cuff Cargo Shorts", "action_flag": 3, "change_message": ""}}, {"model": "admin.logentry", "pk": 239, "fields": {"action_time": "2022-02-21T14:48:01.509Z", "user": 1, "content_type": 13, "object_id": "165", "object_repr": "Worthington Mixed Media Open Back Blouse - Plus", "action_flag": 3, "change_message": ""}}, {"model": "admin.logentry", "pk": 240, "fields": {"action_time": "2022-02-21T14:48:01.512Z", "user": 1, "content_type": 13, "object_id": "166", "object_repr": "Steve Harvey Linen Blend Vest - Big & Tall", "action_flag": 3, "change_message": ""}}, {"model": "admin.logentry", "pk": 241, "fields": {"action_time": "2022-02-22T15:39:06.782Z", "user": 1, "content_type": 14, "object_id": "10", "object_repr": "size", "action_flag": 1, "change_message": "[{\"added\": {}}]"}}, {"model": "admin.logentry", "pk": 242, "fields": {"action_time": "2022-02-22T15:39:21.438Z", "user": 1, "content_type": 14, "object_id": "10", "object_repr": "size", "action_flag": 3, "change_message": ""}}, {"model": "admin.logentry", "pk": 243, "fields": {"action_time": "2022-03-01T16:43:59.660Z", "user": 1, "content_type": 16, "object_id": "1", "object_repr": "DE872C38034A4EDFA29919204AD3820E", "action_flag": 3, "change_message": ""}}, {"model": "admin.logentry", "pk": 244, "fields": {"action_time": "2022-03-07T16:29:00.262Z", "user": 1, "content_type": 7, "object_id": "1", "object_repr": "conservation@example.com", "action_flag": 2, "change_message": "[{\"changed\": {\"fields\": [\"Domain name\"]}}]"}}, {"model": "admin.logentry", "pk": 245, "fields": {"action_time": "2022-03-09T14:27:35.777Z", "user": 1, "content_type": 13, "object_id": "1", "object_repr": "the Conservation Rooflight CR01-3", "action_flag": 2, "change_message": "[{\"changed\": {\"fields\": [\"Size\"]}}]"}}, {"model": "admin.logentry", "pk": 246, "fields": {"action_time": "2022-03-09T14:57:31.628Z", "user": 1, "content_type": 13, "object_id": "1", "object_repr": "the Conservation Rooflight CR01-3", "action_flag": 2, "change_message": "[{\"changed\": {\"fields\": [\"Size\"]}}]"}}, {"model": "admin.logentry", "pk": 247, "fields": {"action_time": "2022-03-09T15:08:05.663Z", "user": 1, "content_type": 13, "object_id": "1", "object_repr": "the Conservation Rooflight CR01-3", "action_flag": 2, "change_message": "[{\"changed\": {\"fields\": [\"Size\", \"Description\"]}}]"}}, {"model": "admin.logentry", "pk": 248, "fields": {"action_time": "2022-03-09T15:14:23.021Z", "user": 1, "content_type": 13, "object_id": "1", "object_repr": "the Conservation Rooflight CR01-3", "action_flag": 2, "change_message": "[{\"changed\": {\"fields\": [\"Size\"]}}]"}}, {"model": "admin.logentry", "pk": 249, "fields": {"action_time": "2022-03-09T15:24:16.074Z", "user": 1, "content_type": 13, "object_id": "2", "object_repr": "the Conservation Rooflight CR01-2", "action_flag": 2, "change_message": "[{\"changed\": {\"fields\": [\"Size\", \"Description\"]}}]"}}, {"model": "admin.logentry", "pk": 250, "fields": {"action_time": "2022-03-09T15:29:25.688Z", "user": 1, "content_type": 13, "object_id": "3", "object_repr": "the Conservation Rooflight CR03-2", "action_flag": 2, "change_message": "[{\"changed\": {\"fields\": [\"Size\", \"Description\"]}}]"}}, {"model": "admin.logentry", "pk": 251, "fields": {"action_time": "2022-03-09T15:29:41.954Z", "user": 1, "content_type": 13, "object_id": "4", "object_repr": "the Conservation Rooflight CR06-1", "action_flag": 2, "change_message": "[{\"changed\": {\"fields\": [\"Size\", \"Description\"]}}]"}}, {"model": "admin.logentry", "pk": 252, "fields": {"action_time": "2022-03-09T15:29:57.728Z", "user": 1, "content_type": 13, "object_id": "5", "object_repr": "the Conservation Rooflight CR07-2", "action_flag": 2, "change_message": "[{\"changed\": {\"fields\": [\"Size\", \"Description\"]}}]"}}, {"model": "admin.logentry", "pk": 253, "fields": {"action_time": "2022-03-09T15:30:12.294Z", "user": 1, "content_type": 13, "object_id": "6", "object_repr": "the Conservation Rooflight CR08-2", "action_flag": 2, "change_message": "[{\"changed\": {\"fields\": [\"Size\", \"Description\"]}}]"}}, {"model": "admin.logentry", "pk": 254, "fields": {"action_time": "2022-03-09T15:30:46.378Z", "user": 1, "content_type": 13, "object_id": "7", "object_repr": "the Conservation Rooflight CR09-2", "action_flag": 2, "change_message": "[{\"changed\": {\"fields\": [\"Size\", \"Description\"]}}]"}}, {"model": "admin.logentry", "pk": 255, "fields": {"action_time": "2022-03-09T15:31:06.950Z", "user": 1, "content_type": 13, "object_id": "8", "object_repr": "the Conservation Rooflight CR10-2", "action_flag": 2, "change_message": "[{\"changed\": {\"fields\": [\"Size\", \"Description\"]}}]"}}, {"model": "admin.logentry", "pk": 256, "fields": {"action_time": "2022-03-09T15:31:21.667Z", "user": 1, "content_type": 13, "object_id": "9", "object_repr": "the Conservation Rooflight CR11-3", "action_flag": 2, "change_message": "[{\"changed\": {\"fields\": [\"Size\", \"Description\"]}}]"}}, {"model": "admin.logentry", "pk": 257, "fields": {"action_time": "2022-03-09T15:31:38.438Z", "user": 1, "content_type": 13, "object_id": "10", "object_repr": "the Conservation Rooflight CR13-3", "action_flag": 2, "change_message": "[{\"changed\": {\"fields\": [\"Size\", \"Description\"]}}]"}}, {"model": "admin.logentry", "pk": 258, "fields": {"action_time": "2022-03-09T15:31:56.388Z", "user": 1, "content_type": 13, "object_id": "11", "object_repr": "the Conservation Rooflight CR14-2", "action_flag": 2, "change_message": "[{\"changed\": {\"fields\": [\"Size\", \"Description\"]}}]"}}, {"model": "admin.logentry", "pk": 259, "fields": {"action_time": "2022-03-09T15:32:08.772Z", "user": 1, "content_type": 13, "object_id": "12", "object_repr": "the Conservation Rooflight CR14-3", "action_flag": 2, "change_message": "[{\"changed\": {\"fields\": [\"Size\", \"Description\"]}}]"}}, {"model": "admin.logentry", "pk": 260, "fields": {"action_time": "2022-03-09T15:32:24.201Z", "user": 1, "content_type": 13, "object_id": "13", "object_repr": "the Conservation Rooflight CR15-2", "action_flag": 2, "change_message": "[{\"changed\": {\"fields\": [\"Size\", \"Description\"]}}]"}}, {"model": "admin.logentry", "pk": 261, "fields": {"action_time": "2022-03-09T15:32:58.860Z", "user": 1, "content_type": 13, "object_id": "14", "object_repr": "the Conservation Rooflight CR15-3", "action_flag": 2, "change_message": "[{\"changed\": {\"fields\": [\"Size\", \"Description\"]}}]"}}, {"model": "admin.logentry", "pk": 262, "fields": {"action_time": "2022-03-09T15:33:18.730Z", "user": 1, "content_type": 13, "object_id": "27", "object_repr": "neo Rooflight neo-05", "action_flag": 2, "change_message": "[{\"changed\": {\"fields\": [\"Size\"]}}]"}}, {"model": "admin.logentry", "pk": 263, "fields": {"action_time": "2022-03-09T15:33:34.170Z", "user": 1, "content_type": 13, "object_id": "28", "object_repr": "neo Rooflight neo-06", "action_flag": 2, "change_message": "[{\"changed\": {\"fields\": [\"Size\", \"Description\"]}}]"}}, {"model": "admin.logentry", "pk": 264, "fields": {"action_time": "2022-03-09T15:33:50.020Z", "user": 1, "content_type": 13, "object_id": "29", "object_repr": "neo Rooflight neo-07", "action_flag": 2, "change_message": "[{\"changed\": {\"fields\": [\"Size\", \"Description\"]}}]"}}, {"model": "admin.logentry", "pk": 265, "fields": {"action_time": "2022-03-09T15:34:19.437Z", "user": 1, "content_type": 13, "object_id": "30", "object_repr": "neo Rooflight neo-08", "action_flag": 2, "change_message": "[{\"changed\": {\"fields\": [\"Size\", \"Description\"]}}]"}}, {"model": "admin.logentry", "pk": 266, "fields": {"action_time": "2022-03-09T15:34:43.861Z", "user": 1, "content_type": 13, "object_id": "31", "object_repr": "neo Rooflight neo-09", "action_flag": 2, "change_message": "[{\"changed\": {\"fields\": [\"Size\", \"Description\"]}}]"}}, {"model": "admin.logentry", "pk": 267, "fields": {"action_time": "2022-03-09T15:35:23.656Z", "user": 1, "content_type": 13, "object_id": "32", "object_repr": "neo Rooflight neo-10", "action_flag": 2, "change_message": "[{\"changed\": {\"fields\": [\"Size\", \"Description\"]}}]"}}, {"model": "admin.logentry", "pk": 268, "fields": {"action_time": "2022-03-09T15:35:32.046Z", "user": 1, "content_type": 13, "object_id": "32", "object_repr": "neo Rooflight neo-10", "action_flag": 2, "change_message": "[{\"changed\": {\"fields\": [\"Size\"]}}]"}}, {"model": "admin.logentry", "pk": 269, "fields": {"action_time": "2022-03-09T15:35:54.947Z", "user": 1, "content_type": 13, "object_id": "33", "object_repr": "neo Rooflight neo-11", "action_flag": 2, "change_message": "[{\"changed\": {\"fields\": [\"Size\", \"Description\"]}}]"}}, {"model": "admin.logentry", "pk": 270, "fields": {"action_time": "2022-03-09T15:36:15.716Z", "user": 1, "content_type": 13, "object_id": "34", "object_repr": "neo Rooflight neo-12", "action_flag": 2, "change_message": "[{\"changed\": {\"fields\": [\"Size\", \"Description\"]}}]"}}, {"model": "admin.logentry", "pk": 271, "fields": {"action_time": "2022-03-09T15:36:32.919Z", "user": 1, "content_type": 13, "object_id": "35", "object_repr": "neo Rooflight neo-13", "action_flag": 2, "change_message": "[{\"changed\": {\"fields\": [\"Size\", \"Description\"]}}]"}}, {"model": "admin.logentry", "pk": 272, "fields": {"action_time": "2022-03-09T15:36:46.383Z", "user": 1, "content_type": 13, "object_id": "36", "object_repr": "neo Rooflight neo-14", "action_flag": 2, "change_message": "[{\"changed\": {\"fields\": [\"Size\", \"Description\"]}}]"}}, {"model": "admin.logentry", "pk": 273, "fields": {"action_time": "2022-03-09T15:37:04.967Z", "user": 1, "content_type": 13, "object_id": "37", "object_repr": "neo Rooflight neo-15", "action_flag": 2, "change_message": "[{\"changed\": {\"fields\": [\"Size\", \"Description\"]}}]"}}, {"model": "admin.logentry", "pk": 274, "fields": {"action_time": "2022-03-09T15:37:27.374Z", "user": 1, "content_type": 13, "object_id": "38", "object_repr": "neo Advance NFF-01", "action_flag": 2, "change_message": "[{\"changed\": {\"fields\": [\"Size\", \"Description\"]}}]"}}, {"model": "admin.logentry", "pk": 275, "fields": {"action_time": "2022-03-09T15:38:02.276Z", "user": 1, "content_type": 13, "object_id": "39", "object_repr": "neo Advance NFF-02", "action_flag": 2, "change_message": "[{\"changed\": {\"fields\": [\"Size\", \"Description\"]}}]"}}, {"model": "admin.logentry", "pk": 276, "fields": {"action_time": "2022-03-09T15:38:15.450Z", "user": 1, "content_type": 13, "object_id": "40", "object_repr": "neo Advance NFF-03", "action_flag": 2, "change_message": "[{\"changed\": {\"fields\": [\"Size\", \"Description\"]}}]"}}, {"model": "admin.logentry", "pk": 277, "fields": {"action_time": "2022-03-09T15:38:39.571Z", "user": 1, "content_type": 13, "object_id": "41", "object_repr": "neo Advance NFF-04", "action_flag": 2, "change_message": "[{\"changed\": {\"fields\": [\"Size\", \"Description\"]}}]"}}, {"model": "admin.logentry", "pk": 278, "fields": {"action_time": "2022-03-09T15:39:09.943Z", "user": 1, "content_type": 13, "object_id": "42", "object_repr": "neo Advance NFF-05", "action_flag": 2, "change_message": "[{\"changed\": {\"fields\": [\"Size\", \"Description\"]}}]"}}, {"model": "admin.logentry", "pk": 279, "fields": {"action_time": "2022-03-09T15:39:26.811Z", "user": 1, "content_type": 13, "object_id": "43", "object_repr": "neo Advance NFF-06", "action_flag": 2, "change_message": "[{\"changed\": {\"fields\": [\"Size\", \"Description\"]}}]"}}, {"model": "admin.logentry", "pk": 280, "fields": {"action_time": "2022-03-09T15:39:40.315Z", "user": 1, "content_type": 13, "object_id": "44", "object_repr": "neo Advance NFF-07", "action_flag": 2, "change_message": "[{\"changed\": {\"fields\": [\"Size\", \"Description\"]}}]"}}, {"model": "admin.logentry", "pk": 281, "fields": {"action_time": "2022-03-09T15:39:54.932Z", "user": 1, "content_type": 13, "object_id": "45", "object_repr": "neo Advance NFO-01", "action_flag": 2, "change_message": "[{\"changed\": {\"fields\": [\"Size\", \"Description\"]}}]"}}, {"model": "admin.logentry", "pk": 282, "fields": {"action_time": "2022-03-09T15:40:11.279Z", "user": 1, "content_type": 13, "object_id": "46", "object_repr": "neo Advance NFO-02", "action_flag": 2, "change_message": "[{\"changed\": {\"fields\": [\"Size\", \"Description\"]}}]"}}, {"model": "admin.logentry", "pk": 283, "fields": {"action_time": "2022-03-09T15:40:22.291Z", "user": 1, "content_type": 13, "object_id": "47", "object_repr": "neo Advance NFO-03", "action_flag": 2, "change_message": "[{\"changed\": {\"fields\": [\"Size\", \"Description\"]}}]"}}, {"model": "admin.logentry", "pk": 284, "fields": {"action_time": "2022-03-09T15:40:33.541Z", "user": 1, "content_type": 13, "object_id": "48", "object_repr": "neo Advance NFO-04", "action_flag": 2, "change_message": "[{\"changed\": {\"fields\": [\"Size\", \"Description\"]}}]"}}, {"model": "admin.logentry", "pk": 285, "fields": {"action_time": "2022-03-09T15:40:43.058Z", "user": 1, "content_type": 13, "object_id": "49", "object_repr": "neo Advance NFO-05", "action_flag": 2, "change_message": "[{\"changed\": {\"fields\": [\"Size\", \"Description\"]}}]"}}, {"model": "admin.logentry", "pk": 286, "fields": {"action_time": "2022-03-09T15:40:55.424Z", "user": 1, "content_type": 13, "object_id": "50", "object_repr": "neo Advance NFO-06", "action_flag": 2, "change_message": "[{\"changed\": {\"fields\": [\"Size\", \"Description\"]}}]"}}, {"model": "admin.logentry", "pk": 287, "fields": {"action_time": "2022-03-09T15:41:10.164Z", "user": 1, "content_type": 13, "object_id": "15", "object_repr": "the Conservation Plateau Rooflight PL01", "action_flag": 2, "change_message": "[{\"changed\": {\"fields\": [\"Size\", \"Description\"]}}]"}}, {"model": "admin.logentry", "pk": 288, "fields": {"action_time": "2022-03-09T15:41:53.046Z", "user": 1, "content_type": 13, "object_id": "16", "object_repr": "the Conservation Plateau Rooflight PL02", "action_flag": 2, "change_message": "[{\"changed\": {\"fields\": [\"Size\", \"Description\"]}}]"}}, {"model": "admin.logentry", "pk": 289, "fields": {"action_time": "2022-03-09T15:42:13.229Z", "user": 1, "content_type": 13, "object_id": "17", "object_repr": "the Conservation Plateau Rooflight PL03", "action_flag": 2, "change_message": "[{\"changed\": {\"fields\": [\"Size\", \"Description\"]}}]"}}, {"model": "admin.logentry", "pk": 290, "fields": {"action_time": "2022-03-09T15:42:37.156Z", "user": 1, "content_type": 13, "object_id": "18", "object_repr": "the Conservation Plateau Rooflight PL04", "action_flag": 2, "change_message": "[{\"changed\": {\"fields\": [\"Size\", \"Description\"]}}]"}}, {"model": "admin.logentry", "pk": 291, "fields": {"action_time": "2022-03-09T15:42:54.597Z", "user": 1, "content_type": 13, "object_id": "19", "object_repr": "the Conservation Plateau Rooflight PL07", "action_flag": 2, "change_message": "[{\"changed\": {\"fields\": [\"Size\", \"Description\"]}}]"}}, {"model": "admin.logentry", "pk": 292, "fields": {"action_time": "2022-03-09T15:43:09.803Z", "user": 1, "content_type": 13, "object_id": "20", "object_repr": "the Conservation Plateau Rooflight PL08", "action_flag": 2, "change_message": "[{\"changed\": {\"fields\": [\"Size\", \"Description\"]}}]"}}, {"model": "admin.logentry", "pk": 293, "fields": {"action_time": "2022-03-09T15:43:29.045Z", "user": 1, "content_type": 13, "object_id": "21", "object_repr": "the Conservation Plateau Rooflight PL09", "action_flag": 2, "change_message": "[{\"changed\": {\"fields\": [\"Size\", \"Description\"]}}]"}}, {"model": "admin.logentry", "pk": 294, "fields": {"action_time": "2022-03-09T15:43:45.268Z", "user": 1, "content_type": 13, "object_id": "22", "object_repr": "the Conservation Plateau Rooflight PL10", "action_flag": 2, "change_message": "[{\"changed\": {\"fields\": [\"Size\", \"Description\"]}}]"}}, {"model": "admin.logentry", "pk": 295, "fields": {"action_time": "2022-03-09T15:44:01.404Z", "user": 1, "content_type": 13, "object_id": "23", "object_repr": "the Conservation Plateau Rooflight PL11", "action_flag": 2, "change_message": "[{\"changed\": {\"fields\": [\"Size\", \"Description\"]}}]"}}, {"model": "admin.logentry", "pk": 296, "fields": {"action_time": "2022-03-09T15:44:15.840Z", "user": 1, "content_type": 13, "object_id": "24", "object_repr": "the Conservation Plateau Rooflight PL18", "action_flag": 2, "change_message": "[{\"changed\": {\"fields\": [\"Size\", \"Description\"]}}]"}}, {"model": "admin.logentry", "pk": 297, "fields": {"action_time": "2022-03-09T15:44:31.177Z", "user": 1, "content_type": 13, "object_id": "25", "object_repr": "the Conservation Plateau Rooflight PL22", "action_flag": 2, "change_message": "[{\"changed\": {\"fields\": [\"Size\", \"Description\"]}}]"}}, {"model": "admin.logentry", "pk": 298, "fields": {"action_time": "2022-03-09T15:44:48.349Z", "user": 1, "content_type": 13, "object_id": "26", "object_repr": "the Conservation Plateau Rooflight PL24", "action_flag": 2, "change_message": "[{\"changed\": {\"fields\": [\"Size\", \"Description\"]}}]"}}, {"model": "admin.logentry", "pk": 299, "fields": {"action_time": "2022-03-12T12:17:46.335Z", "user": 1, "content_type": 18, "object_id": "1", "object_repr": "heritage_pitched", "action_flag": 1, "change_message": "[{\"added\": {}}]"}}, {"model": "admin.logentry", "pk": 300, "fields": {"action_time": "2022-03-12T12:17:57.720Z", "user": 1, "content_type": 18, "object_id": "2", "object_repr": "heritage_flat", "action_flag": 1, "change_message": "[{\"added\": {}}]"}}, {"model": "admin.logentry", "pk": 301, "fields": {"action_time": "2022-03-12T12:18:07.276Z", "user": 1, "content_type": 18, "object_id": "3", "object_repr": "modern_piched", "action_flag": 1, "change_message": "[{\"added\": {}}]"}}, {"model": "admin.logentry", "pk": 302, "fields": {"action_time": "2022-03-12T12:18:21.874Z", "user": 1, "content_type": 18, "object_id": "4", "object_repr": "modern_flat", "action_flag": 1, "change_message": "[{\"added\": {}}]"}}, {"model": "admin.logentry", "pk": 303, "fields": {"action_time": "2022-03-12T13:14:27.737Z", "user": 1, "content_type": 19, "object_id": "1", "object_repr": "neo Advance NFF-04", "action_flag": 1, "change_message": "[{\"added\": {}}]"}}, {"model": "admin.logentry", "pk": 304, "fields": {"action_time": "2022-03-12T15:06:47.580Z", "user": 1, "content_type": 19, "object_id": "2", "object_repr": "The Conservation Rooflight", "action_flag": 1, "change_message": "[{\"added\": {}}]"}}, {"model": "admin.logentry", "pk": 305, "fields": {"action_time": "2022-03-12T15:08:25.967Z", "user": 1, "content_type": 19, "object_id": "3", "object_repr": "The Conservation Rooflight", "action_flag": 1, "change_message": "[{\"added\": {}}]"}}, {"model": "admin.logentry", "pk": 306, "fields": {"action_time": "2022-03-12T15:08:59.180Z", "user": 1, "content_type": 19, "object_id": "4", "object_repr": "the Conservation Plateau Rooflight", "action_flag": 1, "change_message": "[{\"added\": {}}]"}}, {"model": "admin.logentry", "pk": 307, "fields": {"action_time": "2022-03-12T15:09:50.369Z", "user": 1, "content_type": 19, "object_id": "5", "object_repr": "neo Rooflight", "action_flag": 1, "change_message": "[{\"added\": {}}]"}}, {"model": "admin.logentry", "pk": 308, "fields": {"action_time": "2022-03-12T15:10:51.229Z", "user": 1, "content_type": 19, "object_id": "6", "object_repr": "neo Advance", "action_flag": 1, "change_message": "[{\"added\": {}}]"}}, {"model": "admin.logentry", "pk": 309, "fields": {"action_time": "2022-03-12T15:11:22.278Z", "user": 1, "content_type": 19, "object_id": "7", "object_repr": "neo Advance", "action_flag": 1, "change_message": "[{\"added\": {}}]"}}, {"model": "admin.logentry", "pk": 310, "fields": {"action_time": "2022-03-12T15:12:12.843Z", "user": 1, "content_type": 19, "object_id": "3", "object_repr": "The Conservation Rooflight", "action_flag": 2, "change_message": "[{\"changed\": {\"fields\": [\"Image\"]}}]"}}, {"model": "admin.logentry", "pk": 311, "fields": {"action_time": "2022-03-12T15:13:16.500Z", "user": 1, "content_type": 19, "object_id": "8", "object_repr": "The Conservation Rooflight", "action_flag": 1, "change_message": "[{\"added\": {}}]"}}, {"model": "admin.logentry", "pk": 312, "fields": {"action_time": "2022-03-12T15:29:45.219Z", "user": 1, "content_type": 19, "object_id": "2", "object_repr": "Mrs Lisa Frost", "action_flag": 2, "change_message": "[{\"changed\": {\"fields\": [\"Code\", \"Name\"]}}]"}}, {"model": "admin.logentry", "pk": 313, "fields": {"action_time": "2022-03-12T15:30:10.966Z", "user": 1, "content_type": 19, "object_id": "3", "object_repr": "Mr Dan Abrams", "action_flag": 2, "change_message": "[{\"changed\": {\"fields\": [\"Code\", \"Name\"]}}]"}}, {"model": "admin.logentry", "pk": 314, "fields": {"action_time": "2022-03-12T15:30:42.095Z", "user": 1, "content_type": 19, "object_id": "5", "object_repr": "Mr Phil Burbage", "action_flag": 2, "change_message": "[{\"changed\": {\"fields\": [\"Code\", \"Name\"]}}]"}}, {"model": "admin.logentry", "pk": 315, "fields": {"action_time": "2022-03-12T15:31:05.254Z", "user": 1, "content_type": 19, "object_id": "8", "object_repr": "Nick Cockayne", "action_flag": 2, "change_message": "[{\"changed\": {\"fields\": [\"Code\", \"Name\"]}}]"}}, {"model": "admin.logentry", "pk": 316, "fields": {"action_time": "2022-03-12T15:31:23.282Z", "user": 1, "content_type": 19, "object_id": "4", "object_repr": "Melanie Watts", "action_flag": 2, "change_message": "[{\"changed\": {\"fields\": [\"Code\", \"Name\"]}}]"}}, {"model": "admin.logentry", "pk": 317, "fields": {"action_time": "2022-03-12T15:31:36.727Z", "user": 1, "content_type": 19, "object_id": "3", "object_repr": "Dan Abrams", "action_flag": 2, "change_message": "[{\"changed\": {\"fields\": [\"Name\"]}}]"}}, {"model": "admin.logentry", "pk": 318, "fields": {"action_time": "2022-03-12T15:31:43.468Z", "user": 1, "content_type": 19, "object_id": "2", "object_repr": "Lisa Frost", "action_flag": 2, "change_message": "[{\"changed\": {\"fields\": [\"Name\"]}}]"}}, {"model": "admin.logentry", "pk": 319, "fields": {"action_time": "2022-03-12T15:31:49.083Z", "user": 1, "content_type": 19, "object_id": "5", "object_repr": "Phil Burbage", "action_flag": 2, "change_message": "[{\"changed\": {\"fields\": [\"Name\"]}}]"}}, {"model": "admin.logentry", "pk": 320, "fields": {"action_time": "2022-03-12T15:32:04.650Z", "user": 1, "content_type": 19, "object_id": "7", "object_repr": "Sarah Trueman", "action_flag": 2, "change_message": "[{\"changed\": {\"fields\": [\"Code\", \"Name\"]}}]"}}, {"model": "admin.logentry", "pk": 321, "fields": {"action_time": "2022-03-12T15:32:28.340Z", "user": 1, "content_type": 19, "object_id": "6", "object_repr": "Angel Willis", "action_flag": 2, "change_message": "[{\"changed\": {\"fields\": [\"Code\", \"Name\"]}}]"}}, {"model": "admin.logentry", "pk": 322, "fields": {"action_time": "2022-03-12T15:33:02.046Z", "user": 1, "content_type": 19, "object_id": "1", "object_repr": "Alfie Willis & Alana Haine", "action_flag": 2, "change_message": "[{\"changed\": {\"fields\": [\"Code\", \"Name\"]}}]"}}, {"model": "admin.logentry", "pk": 323, "fields": {"action_time": "2022-03-12T15:49:03.181Z", "user": 1, "content_type": 19, "object_id": "8", "object_repr": "Nick Cockayne", "action_flag": 2, "change_message": "[{\"changed\": {\"fields\": [\"Image\"]}}]"}}, {"model": "admin.logentry", "pk": 324, "fields": {"action_time": "2022-03-12T15:49:15.711Z", "user": 1, "content_type": 19, "object_id": "4", "object_repr": "Melanie Watts", "action_flag": 2, "change_message": "[{\"changed\": {\"fields\": [\"Image\"]}}]"}}, {"model": "admin.logentry", "pk": 325, "fields": {"action_time": "2022-03-22T14:22:30.400Z", "user": 1, "content_type": 19, "object_id": "9", "object_repr": "mel", "action_flag": 3, "change_message": ""}}, {"model": "admin.logentry", "pk": 326, "fields": {"action_time": "2022-03-22T14:34:18.677Z", "user": 1, "content_type": 19, "object_id": "12", "object_repr": "Angel Willis", "action_flag": 3, "change_message": ""}}, {"model": "admin.logentry", "pk": 327, "fields": {"action_time": "2022-03-22T14:34:32.794Z", "user": 1, "content_type": 19, "object_id": "11", "object_repr": "blah blah", "action_flag": 3, "change_message": ""}}, {"model": "admin.logentry", "pk": 328, "fields": {"action_time": "2022-03-22T14:34:32.795Z", "user": 1, "content_type": 19, "object_id": "10", "object_repr": "blah blah", "action_flag": 3, "change_message": ""}}, {"model": "admin.logentry", "pk": 329, "fields": {"action_time": "2022-03-22T15:58:36.960Z", "user": 1, "content_type": 19, "object_id": "14", "object_repr": "test", "action_flag": 3, "change_message": ""}}, {"model": "admin.logentry", "pk": 330, "fields": {"action_time": "2022-03-22T15:58:36.961Z", "user": 1, "content_type": 19, "object_id": "13", "object_repr": "test", "action_flag": 3, "change_message": ""}}, {"model": "admin.logentry", "pk": 331, "fields": {"action_time": "2022-03-23T15:20:45.147Z", "user": 1, "content_type": 19, "object_id": "17", "object_repr": "heritage_flat", "action_flag": 3, "change_message": ""}}, {"model": "admin.logentry", "pk": 332, "fields": {"action_time": "2022-03-23T15:20:45.150Z", "user": 1, "content_type": 19, "object_id": "15", "object_repr": "test", "action_flag": 3, "change_message": ""}}, {"model": "admin.logentry", "pk": 333, "fields": {"action_time": "2022-03-23T15:20:45.151Z", "user": 1, "content_type": 19, "object_id": "16", "object_repr": "test", "action_flag": 3, "change_message": ""}}, {"model": "admin.logentry", "pk": 334, "fields": {"action_time": "2022-03-24T16:04:26.254Z", "user": 1, "content_type": 19, "object_id": "3", "object_repr": "Dan Abrams", "action_flag": 2, "change_message": "[{\"changed\": {\"fields\": [\"Description\"]}}]"}}, {"model": "admin.logentry", "pk": 335, "fields": {"action_time": "2022-03-24T16:08:47.466Z", "user": 1, "content_type": 19, "object_id": "2", "object_repr": "Lisa Frost", "action_flag": 2, "change_message": "[{\"changed\": {\"fields\": [\"Description\"]}}]"}}, {"model": "admin.logentry", "pk": 336, "fields": {"action_time": "2022-03-24T16:11:46.672Z", "user": 1, "content_type": 19, "object_id": "7", "object_repr": "Sarah Trueman", "action_flag": 2, "change_message": "[{\"changed\": {\"fields\": [\"Description\"]}}]"}}, {"model": "admin.logentry", "pk": 337, "fields": {"action_time": "2022-03-24T16:16:17.262Z", "user": 1, "content_type": 19, "object_id": "6", "object_repr": "Angel Willis", "action_flag": 2, "change_message": "[{\"changed\": {\"fields\": [\"Description\"]}}]"}}, {"model": "admin.logentry", "pk": 338, "fields": {"action_time": "2022-03-24T16:16:27.532Z", "user": 1, "content_type": 19, "object_id": "6", "object_repr": "Angel Willis", "action_flag": 2, "change_message": "[]"}}, {"model": "admin.logentry", "pk": 339, "fields": {"action_time": "2022-03-24T16:18:14.508Z", "user": 1, "content_type": 19, "object_id": "1", "object_repr": "Alfie Willis & Alana Haine", "action_flag": 2, "change_message": "[{\"changed\": {\"fields\": [\"Description\"]}}]"}}, {"model": "admin.logentry", "pk": 340, "fields": {"action_time": "2022-03-24T16:19:54.028Z", "user": 1, "content_type": 19, "object_id": "7", "object_repr": "Sarah Trueman", "action_flag": 2, "change_message": "[{\"changed\": {\"fields\": [\"Description\"]}}]"}}, {"model": "admin.logentry", "pk": 341, "fields": {"action_time": "2022-03-24T16:20:02.079Z", "user": 1, "content_type": 19, "object_id": "3", "object_repr": "Dan Abrams", "action_flag": 2, "change_message": "[]"}}, {"model": "admin.logentry", "pk": 342, "fields": {"action_time": "2022-03-24T16:21:18.151Z", "user": 1, "content_type": 19, "object_id": "1", "object_repr": "Alfie Willis & Alana Haine", "action_flag": 2, "change_message": "[{\"changed\": {\"fields\": [\"Description\"]}}]"}}, {"model": "admin.logentry", "pk": 343, "fields": {"action_time": "2022-03-24T16:24:34.604Z", "user": 1, "content_type": 19, "object_id": "8", "object_repr": "Nick Cockayne", "action_flag": 2, "change_message": "[{\"changed\": {\"fields\": [\"Description\"]}}]"}}, {"model": "admin.logentry", "pk": 344, "fields": {"action_time": "2022-03-24T16:37:00.427Z", "user": 1, "content_type": 19, "object_id": "5", "object_repr": "Phil Burbage", "action_flag": 2, "change_message": "[{\"changed\": {\"fields\": [\"Description\"]}}]"}}, {"model": "admin.logentry", "pk": 345, "fields": {"action_time": "2022-03-24T16:39:50.605Z", "user": 1, "content_type": 19, "object_id": "4", "object_repr": "Melanie Watts", "action_flag": 2, "change_message": "[{\"changed\": {\"fields\": [\"Description\"]}}]"}}, {"model": "auth.user", "pk": 1, "fields": {"password": "pbkdf2_sha256$260000$UAxJtcHybRlTxqT06XqNKN$uryvAsNN1pXlJayuv3/3bsV9X02qlAJDmy2nl+oat7U=", "last_login": "2022-03-26T10:01:37.573Z", "is_superuser": true, "username": "mel", "first_name": "", "last_name": "", "email": "meldiploma@gmail.com", "is_staff": true, "is_active": true, "date_joined": "2022-02-15T13:45:14.625Z", "groups": [], "user_permissions": []}}, {"model": "auth.user", "pk": 2, "fields": {"password": "pbkdf2_sha256$260000$V5HNFZWua0BqcXRf8fwgMa$RvrvHfjcP9NSShWPvEkSAq8QgaBs/nEJG2Q40tU6bEg=", "last_login": null, "is_superuser": false, "username": "melly", "first_name": "", "last_name": "", "email": "angel.willis003@outlook.com", "is_staff": false, "is_active": true, "date_joined": "2022-03-06T14:27:34.102Z", "groups": [], "user_permissions": []}}, {"model": "auth.user", "pk": 3, "fields": {"password": "pbkdf2_sha256$260000$YprK5VzcKNs1uaNvt3Dw1x$ZqOZm4p3iLTzKhMQ1tsblelWfOAwo1rfbgTa2cC0idk=", "last_login": null, "is_superuser": false, "username": "Melly003", "first_name": "", "last_name": "", "email": "melly004@live.com", "is_staff": false, "is_active": true, "date_joined": "2022-03-06T14:34:07.885Z", "groups": [], "user_permissions": []}}, {"model": "sessions.session", "pk": "3z7twhhzas9k6uh83gz9zgnm8wfn4pul", "fields": {"session_data": ".eJxVjMsOwiAQRf-FtSE8W9ule7-BDDBjUQMGWqMx_rs26UK395x7XszBMk9uaVhdimxkku1-Nw_hgnkF8Qz5VHgoea7J81XhG238WCJeD5v7F5igTd-376VSUYPY6wFAQj8YEQUpGySIAOBJGjNQUKiFD8p66rQBa6kjQUhmjTZsLZXs8HFL9clGsWMN7uhSpsLGuS74_gAFaEXL:1nY3Ke:pTzU0JWMti8QG5kuI33Yw4SBBkmFi7Xp38GeNINIMys", "expire_date": "2022-04-09T10:07:40.192Z"}}, {"model": "sessions.session", "pk": "7eiegt0g4bhy4hunoghwfrazaakyqw1b", "fields": {"session_data": "eyJzYXZlX2luZm8iOmZhbHNlfQ:1nRGXK:lZAbGhupcqM4S1SWb0M6Cfa4EILTf5tlFBhA2skCdBw", "expire_date": "2022-03-21T16:48:42.461Z"}}, {"model": "sessions.session", "pk": "7iozwj6u4g5wrvj9dcnuy4v3s8lhdm2a", "fields": {"session_data": ".eJxVjDsOgzAQRO-yNbL8WUNwmZ4zoF3bCyQRSHwqxN0TIhqaKea9mR2YOgg7WAi2APyng4BHAS1ta99uS57bIUEAA7eOKb7zeIL0orGbVJzGdR5YnYq66KKaKeXP83JvBz0t_W_NlbE2OdIPVxMZqmrUSYv10ZCORCwGsZZos9McrWcpHZL3UoqWLAjHFyDVPjk:1nNGsA:KNDfNInvJldB5LoAgjbT0q8hiJ51SUw0mgbiehbDjhU", "expire_date": "2022-03-10T16:21:42.721Z"}}, {"model": "sessions.session", "pk": "ci4oxglnlk57ydkte51z2io1krahowsh", "fields": {"session_data": "eyJiYWciOnsiMiI6OCwiMjkiOjEsIjMiOjN9fQ:1nNIMv:JmQ0R0HV5c0aCjMTT72BR-CHsDqECL3DthkadYgF4gE", "expire_date": "2022-03-10T17:57:33.629Z"}}, {"model": "sessions.session", "pk": "njm7bviw3qakmchkloc8k0epuvpuzint", "fields": {"session_data": ".eJxVjjsOgzAQRO-yNbL8hdhles6Adm0vkEQg8akQd4-RKJJqpJk3ozmgw30bun3NSzcmCKCg-vUI4ztPV5BeOPWziPO0LSOJCxF3uop2TvnzvNm_gQHXobSpUVong_JhPKLCxluZJGsXFcqISKys9Rx1NpKidsS1segc1yw5sy2jhD2EoxwMqgJVQ7AVGA_BFCneeX4B30Q_sg:1nMWrN:lfvlW0xng3-z_YOm8zObaIz9De_iGrT5dzMhFJnHilg", "expire_date": "2022-03-08T15:13:49.351Z"}}, {"model": "sessions.session", "pk": "pmoorswev6ye177grigdzclwgefwa753", "fields": {"session_data": "e30:1nQrqp:eza81mYNBHgCqrw6tE7n9SgMaok8Fv4zCQl5fhp8jg0", "expire_date": "2022-03-20T14:27:11.838Z"}}, {"model": "sessions.session", "pk": "rfttc4nc2hpyxtf7zu47gcs99ienn5lp", "fields": {"session_data": ".eJxVjDsOgzAQBe-yNbL8heAyfc5grT8LJJEtYUiDuHtAokjaN_NmA4frMrq1ptlNESwIaH43j-GV8gniE_NQWCh5mSfPToVdtLJHiel9v9y_wIh1PN6-E1JGhfymekSBXa955CRNEMgDoiehdU9BJsV9kMZTqzQaQy1xSqSPaMVPclOmAnaZ19SAxwHsBhKs2PcvW6pCOw:1nU9Md:OI8Tc0i588_7zsKdF8L-NUUj_ZiF3kb5BtcWB07ft40", "expire_date": "2022-03-29T15:45:35.589Z"}}, {"model": "sessions.session", "pk": "tqzl864h1i5dhu1n51y42kr0nc63nwy3", "fields": {"session_data": "eyJhY2NvdW50X3ZlcmlmaWVkX2VtYWlsIjpudWxsLCJhY2NvdW50X3VzZXIiOiIyIn0:1nQrrP:cwEPMcM7_j9vEAFHTEedNlXPxGpJMvjXocH84CVTgSM", "expire_date": "2022-03-20T14:27:47.196Z"}}, {"model": "sessions.session", "pk": "xw98ieapfu4mri0s2cq9id001vrcijwp", "fields": {"session_data": "e30:1nQrjb:LUNqgvUoj2As-uSiKSPQE6b9bcushvAX3OGM6Q1PSMo", "expire_date": "2022-03-20T14:19:43.333Z"}}, {"model": "sites.site", "pk": 1, "fields": {"domain": "conservation@example.com", "name": "The Conservation Rooflight"}}, {"model": "account.emailaddress", "pk": 1, "fields": {"user": 1, "email": "meldiploma@gmail.com", "verified": true, "primary": true}}, {"model": "account.emailaddress", "pk": 2, "fields": {"user": 2, "email": "angel.willis003@outlook.com", "verified": false, "primary": true}}, {"model": "account.emailaddress", "pk": 3, "fields": {"user": 3, "email": "melly004@live.com", "verified": true, "primary": true}}, {"model": "products.category", "pk": 6, "fields": {"name": "modern_flat", "friendly_name": "neo Advance Rooflight"}}, {"model": "products.category", "pk": 7, "fields": {"name": "modern_pitched", "friendly_name": "neo Rooflight"}}, {"model": "products.category", "pk": 8, "fields": {"name": "heritage_flat", "friendly_name": "The Conservation Plateau Range"}}, {"model": "products.category", "pk": 9, "fields": {"name": "heritage_pitched", "friendly_name": "The Conservation Rooflight"}}, {"model": "products.product", "pk": 1, "fields": {"category": 9, "code": "cr01-3", "name": "the Conservation Rooflight CR01-3", "size": "1021mm x  725mm", "description": "Suitable for pitched roofs* between 17 and 65 degrees, the Conservation Rooflight is the original low profile skylight, combining the highest modern performance standards with an authentic traditional appearance  external frame colour is Black RAL9005  internal lining colour is white. Favoured by English Heritage, the National Trust and planning / conservation officers, it is available in a wide range of standard sizes.", "price": "798.00", "rating": "4.60", "image_url": "http://s7d9.scene7.com/is/image/JCPenney/DP0709201205510679M.tif?hei=380&amp;wid=380&op_usm=.4,.8,0,0&resmode=sharp2&op_usm=1.5,.8,0,0&resmode=sharp", "image": "CR01-3_PY9CMvn.jpg"}}, {"model": "products.product", "pk": 2, "fields": {"category": 9, "code": "cr01-2", "name": "the Conservation Rooflight CR01-2", "size": "565mm x 725mm", "description": "Suitable for pitched roofs* between 17 and 65 degrees, the Conservation Rooflight is the original low profile skylight, combining the highest modern performance standards with an authentic traditional appearance  external frame colour is Black RAL9005  internal lining colour is white. Favoured by English Heritage, the National Trust and planning / conservation officers, it is available in a wide range of standard sizes.", "price": "598.00", "rating": "4.60", "image_url": null, "image": "CR01-2_S5MSQyr.jpg"}}, {"model": "products.product", "pk": 3, "fields": {"category": 9, "code": "cr03-2", "name": "the Conservation Rooflight CR03-2", "size": "565mm  x 1028mm", "description": "Suitable for pitched roofs* between 17 and 65 degrees, the Conservation Rooflight is the original low profile skylight, combining the highest modern performance standards with an authentic traditional appearance  external frame colour is Black RAL9005  internal lining colour is white. Favoured by English Heritage, the National Trust and planning / conservation officers, it is available in a wide range of standard sizes.", "price": "681.00", "rating": "4.70", "image_url": "http://s7d9.scene7.com/is/image/JCPenney/DP1230201417013175M.tif?hei=380&amp;wid=380&op_usm=.4,.8,0,0&resmode=sharp2&op_usm=1.5,.8,0,0&resmode=sharp", "image": "CR03-2_Dz1uWcL.jpg"}}, {"model": "products.product", "pk": 4, "fields": {"category": 9, "code": "cr06-1", "name": "the Conservation Rooflight CR06-1", "size": "412mm x 520mm", "description": "Suitable for pitched roofs* between 17 and 65 degrees, the Conservation Rooflight is the original low profile skylight, combining the highest modern performance standards with an authentic traditional appearance  external frame colour is Black RAL9005  internal lining colour is white. Favoured by English Heritage, the National Trust and planning / conservation officers, it is available in a wide range of standard sizes.", "price": "580.00", "rating": "3.00", "image_url": "http://s7d9.scene7.com/is/image/JCPenney/DP0716201503423610M.tif?hei=380&amp;wid=380&op_usm=.4,.8,0,0&resmode=sharp2&op_usm=1.5,.8,0,0&resmode=sharp", "image": "CR06-1_fLsd5BR.jpg"}}, {"model": "products.product", "pk": 5, "fields": {"category": 9, "code": "cr07-2", "name": "the Conservation Rooflight CR07-2", "size": "463mm x 622mm", "description": "Suitable for pitched roofs* between 17 and 65 degrees, the Conservation Rooflight is the original low profile skylight, combining the highest modern performance standards with an authentic traditional appearance  external frame colour is Black RAL9005  internal lining colour is white. Favoured by English Heritage, the National Trust and planning / conservation officers, it is available in a wide range of standard sizes.", "price": "590.00", "rating": "5.00", "image_url": "http://s7d9.scene7.com/is/image/JCPenney/DP1115201210371197C.tif?hei=380&amp;wid=380&op_usm=.4,.8,0,0&resmode=sharp2&op_usm=1.5,.8,0,0&resmode=sharp", "image": "CR07-2_qkWWzny.jpg"}}, {"model": "products.product", "pk": 6, "fields": {"category": 9, "code": "cr08-2", "name": "the Conservation Rooflight CR08-2", "size": "615mm x 875mm", "description": "Suitable for pitched roofs* between 17 and 65 degrees, the Conservation Rooflight is the original low profile skylight, combining the highest modern performance standards with an authentic traditional appearance  external frame colour is Black RAL9005  internal lining colour is white. Favoured by English Heritage, the National Trust and planning / conservation officers, it is available in a wide range of standard sizes.", "price": "736.00", "rating": "4.70", "image_url": "http://s7d9.scene7.com/is/image/JCPenney/DP0624201520422666C.tif?hei=380&amp;wid=380&op_usm=.4,.8,0,0&resmode=sharp2&op_usm=1.5,.8,0,0&resmode=sharp", "image": "CR08-2_9hkfkzW.jpg"}}, {"model": "products.product", "pk": 7, "fields": {"category": 9, "code": "cr09-2", "name": "the Conservation Rooflight CR09-2", "size": "717mm xx 1028mm", "description": "Suitable for pitched roofs* between 17 and 65 degrees, the Conservation Rooflight is the original low profile skylight, combining the highest modern performance standards with an authentic traditional appearance  external frame colour is Black RAL9005  internal lining colour is white. Favoured by English Heritage, the National Trust and planning / conservation officers, it is available in a wide range of standard sizes.", "price": "795.00", "rating": "4.40", "image_url": "http://s7d9.scene7.com/is/image/JCPenney/DP0226201317034754M.tif?hei=380&amp;wid=380&op_usm=.4,.8,0,0&resmode=sharp2&op_usm=1.5,.8,0,0&resmode=sharp", "image": "CR09-2_ucbpAy8.jpg"}}, {"model": "products.product", "pk": 8, "fields": {"category": 9, "code": "cr10-2", "name": "the Conservation Rooflight CR10-2", "size": "717mm x 1180mm", "description": "Suitable for pitched roofs* between 17 and 65 degrees, the Conservation Rooflight is the original low profile skylight, combining the highest modern performance standards with an authentic traditional appearance. Favoured by English Heritage, the National Trust and planning / conservation officers, it is available in a wide range of standard sizes.", "price": "868.00", "rating": "4.50", "image_url": "http://s7d2.scene7.com/is/image/JCPenney/DP0926201317071162M.tif?wid=65&hei=65&fmt=jpg&op_usm=.4,.8,0,0&resmode=sharp2", "image": "CR10-2_KyI8tFI.jpg"}}, {"model": "products.product", "pk": 9, "fields": {"category": 9, "code": "cr11-3", "name": "the Conservation Rooflight CR11-3", "size": "869mm x 1028mm", "description": "Suitable for pitched roofs* between 17 and 65 degrees, the Conservation Rooflight is the original low profile skylight, combining the highest modern performance standards with an authentic traditional appearance  external frame colour is Black RAL9005  internal lining colour is white. Favoured by English Heritage, the National Trust and planning / conservation officers, it is available in a wide range of standard sizes.", "price": "894.00", "rating": "4.70", "image_url": "http://s7d2.scene7.com/is/image/JCPenney/DP1020201517025390M.tif?wid=65&hei=65&fmt=jpg&op_usm=.4,.8,0,0&resmode=sharp2", "image": "CR11-3_l4fZ1WO.jpg"}}, {"model": "products.product", "pk": 10, "fields": {"category": 9, "code": "cr13-3", "name": "the Conservation Rooflight CR13-3", "size": "1021mm x 1180mm", "description": "Suitable for pitched roofs* between 17 and 65 degrees, the Conservation Rooflight is the original low profile skylight, combining the highest modern performance standards with an authentic traditional appearance. Favoured by English Heritage, the National Trust and planning / conservation officers, it is available in a wide range of standard sizes.", "price": "988.00", "rating": "4.40", "image_url": "http://s7d2.scene7.com/is/image/JCPenney/DP0418201317011949M.tif?wid=65&hei=65&fmt=jpg&op_usm=.4,.8,0,0&resmode=sharp2", "image": "CR13-3_vwLCbAc.jpg"}}, {"model": "products.product", "pk": 11, "fields": {"category": 9, "code": "cr14-2", "name": "the Conservation Rooflight CR14-2", "size": "717mm x 1333mm", "description": "Suitable for pitched roofs* between 17 and 65 degrees, the Conservation Rooflight is the original low profile skylight, combining the highest modern performance standards with an authentic traditional appearance  external frame colour is Black RAL9005  internal lining colour is white. Favoured by English Heritage, the National Trust and planning / conservation officers, it is available in a wide range of standard sizes.", "price": "896.00", "rating": "3.00", "image_url": "http://s7d2.scene7.com/is/image/JCPenney/0900631B81B0C2D9M.tif?wid=65&hei=65&fmt=jpg&op_usm=.4,.8,0,0&resmode=sharp2", "image": "CR14-2_R2W7hbl.jpg"}}, {"model": "products.product", "pk": 12, "fields": {"category": 9, "code": "cr14-3", "name": "the Conservation Rooflight CR14-3", "size": "1021mm x 1333mm", "description": "Suitable for pitched roofs* between 17 and 65 degrees, the Conservation Rooflight is the original low profile skylight, combining the highest modern performance standards with an authentic traditional appearance. Favoured by English Heritage, the National Trust and planning / conservation officers, it is available in a wide range of standard sizes.", "price": "1039.00", "rating": "4.60", "image_url": "http://s7d2.scene7.com/is/image/JCPenney/DP0510201317010521M.tif?wid=65&hei=65&fmt=jpg&op_usm=.4,.8,0,0&resmode=sharp2", "image": "CR14-3_NLbh07q.jpg"}}, {"model": "products.product", "pk": 13, "fields": {"category": 9, "code": "cr15-2", "name": "the Conservation Rooflight CR15-2", "size": "717mm x 1635mm", "description": "Suitable for pitched roofs* between 17 and 65 degrees, the Conservation Rooflight is the original low profile skylight, combining the highest modern performance standards with an authentic traditional appearance  external frame colour is Black RAL9005  internal lining colour is white. Favoured by English Heritage, the National Trust and planning / conservation officers, it is available in a wide range of standard sizes.", "price": "1041.00", "rating": "3.20", "image_url": "http://s7d2.scene7.com/is/image/JCPenney/DP0430201405053680M.tif?wid=65&hei=65&fmt=jpg&op_usm=.4,.8,0,0&resmode=sharp2", "image": "CR15-2_Cefb5An.jpg"}}, {"model": "products.product", "pk": 14, "fields": {"category": 9, "code": "cr15-3", "name": "the Conservation Rooflight CR15-3", "size": "1021mm x 1635mm", "description": "Suitable for pitched roofs* between 17 and 65 degrees, the Conservation Rooflight is the original low profile skylight, combining the highest modern performance standards with an authentic traditional appearance  external frame colour is Black RAL9005  internal lining colour is white. Favoured by English Heritage, the National Trust and planning / conservation officers, it is available in a wide range of standard sizes.", "price": "1246.00", "rating": "4.70", "image_url": null, "image": "CR15-3_lsROkNQ.jpg"}}, {"model": "products.product", "pk": 15, "fields": {"category": 8, "code": "pl01", "name": "the Conservation Plateau Rooflight PL01", "size": "625mm x 625mm", "description": "Suitable for a flat roof installation and for roof pitched between 3 and 20 degrees, the Plateau Rooflight has a slim steel profile only 95mm above the kerb height. The Plateau Rooflight is a skylight with a fine, aesthetically pleasing design suitable for any flat roof construction.", "price": "881.00", "rating": "4.80", "image_url": null, "image": "The_Conservation_Plateau_Rooflight_KcuMmCG.jpg"}}, {"model": "products.product", "pk": 16, "fields": {"category": 8, "code": "pl02", "name": "the Conservation Plateau Rooflight PL02", "size": "925mm x 925mm", "description": "Suitable for a flat roof installation and for roof pitched between 3 and 20 degrees, the Plateau Rooflight has a slim steel profile only 95mm above the kerb height. The Plateau Rooflight is a skylight with a fine, aesthetically pleasing design suitable for any flat roof construction.", "price": "1358.00", "rating": "4.40", "image_url": null, "image": "The_Conservation_Plateau_Rooflight_iILeLH9.jpg"}}, {"model": "products.product", "pk": 17, "fields": {"category": 8, "code": "pl03", "name": "the Conservation Plateau Rooflight PL03", "size": "1225mm x 1225mm", "description": "Suitable for a flat roof installation and for roof pitched between 3 and 20 degrees, the Plateau Rooflight has a slim steel profile only 95mm above the kerb height. The Plateau Rooflight is a skylight with a fine, aesthetically pleasing design suitable for any flat roof construction.\r\n\r\n\r\nThis product will require you to have a forklift on site to unload it from the delivery lorry. If this isnt possible, delivery with forklift services can be arranged at an additional cost. Please contact us directly before placing your order if you require forklift services.", "price": "1858.00", "rating": "4.40", "image_url": null, "image": "The_Conservation_Plateau_Rooflight_Vi4qwzk.jpg"}}, {"model": "products.product", "pk": 18, "fields": {"category": 8, "code": "pl04", "name": "the Conservation Plateau Rooflight PL04", "size": "1525mm x 1525mm", "description": "Suitable for a flat roof installation and for roof pitched between 3 and 20 degrees, the Plateau Rooflight has a slim steel profile only 95mm above the kerb height. The Plateau Rooflight is a skylight with a fine, aesthetically pleasing design suitable for any flat roof construction.\r\n\r\n\r\nThis product will require you to have a forklift on site to unload it from the delivery lorry. If this isnt possible, delivery with forklift services can be arranged at an additional cost. Please contact us directly before placing your order if you require forklift services.", "price": "2144.00", "rating": "4.80", "image_url": null, "image": "The_Conservation_Plateau_Rooflight_nBTGxH6.jpg"}}, {"model": "products.product", "pk": 19, "fields": {"category": 8, "code": "pl07", "name": "the Conservation Plateau Rooflight PL07", "size": "925mm x 625mm", "description": "Suitable for a flat roof installation and for roof pitched between 3 and 20 degrees, the Plateau Rooflight has a slim steel profile only 95mm above the kerb height. The Plateau Rooflight is a skylight with a fine, aesthetically pleasing design suitable for any flat roof construction.", "price": "1188.00", "rating": "5.00", "image_url": null, "image": "The_Conservation_Plateau_Rooflight_QHmuO0w.jpg"}}, {"model": "products.product", "pk": 20, "fields": {"category": 8, "code": "pl08", "name": "the Conservation Plateau Rooflight PL08", "size": "1225mm x 625mm", "description": "Suitable for a flat roof installation and for roof pitched between 3 and 20 degrees, the Plateau Rooflight has a slim steel profile only 95mm above the kerb height. The Plateau Rooflight is a skylight with a fine, aesthetically pleasing design suitable for any flat roof construction.", "price": "1416.00", "rating": "4.70", "image_url": null, "image": "The_Conservation_Plateau_Rooflight_9Yyg5XA.jpg"}}, {"model": "products.product", "pk": 21, "fields": {"category": 8, "code": "pl09", "name": "the Conservation Plateau Rooflight PL09", "size": "1225mm x 925mm", "description": "Suitable for a flat roof installation and for roof pitched between 3 and 20 degrees, the Plateau Rooflight has a slim steel profile only 95mm above the kerb height. The Plateau Rooflight is a skylight with a fine, aesthetically pleasing design suitable for any flat roof construction.\r\n\r\n\r\nThis product will require you to have a forklift on site to unload it from the delivery lorry. If this isnt possible, delivery with forklift services can be arranged at an additional cost. Please contact us directly before placing your order if you require forklift services.", "price": "1699.00", "rating": "4.30", "image_url": null, "image": "The_Conservation_Plateau_Rooflight_jMCrzX0.jpg"}}, {"model": "products.product", "pk": 22, "fields": {"category": 8, "code": "pl10", "name": "the Conservation Plateau Rooflight PL10", "size": "1525mm x 925mm", "description": "Suitable for a flat roof installation and for roof pitched between 3 and 20 degrees, the Plateau Rooflight has a slim steel profile only 95mm above the kerb height. The Plateau Rooflight is a skylight with a fine, aesthetically pleasing design suitable for any flat roof construction.\r\n\r\n\r\nThis product will require you to have a forklift on site to unload it from the delivery lorry. If this isnt possible, delivery with forklift services can be arranged at an additional cost. Please contact us directly before placing your order if you require forklift services.", "price": "1869.00", "rating": "5.00", "image_url": null, "image": "The_Conservation_Plateau_Rooflight_lkZKE7J.jpg"}}, {"model": "products.product", "pk": 23, "fields": {"category": 8, "code": "pl11", "name": "the Conservation Plateau Rooflight PL11", "size": "1525mm x 1225mm", "description": "Suitable for a flat roof installation and for roof pitched between 3 and 20 degrees, the Plateau Rooflight has a slim steel profile only 95mm above the kerb height. The Plateau Rooflight is a skylight with a fine, aesthetically pleasing design suitable for any flat roof construction.\r\n\r\n\r\nThis product will require you to have a forklift on site to unload it from the delivery lorry. If this isnt possible, delivery with forklift services can be arranged at an additional cost. Please contact us directly before placing your order if you require forklift services.", "price": "2031.00", "rating": "4.80", "image_url": null, "image": "The_Conservation_Plateau_Rooflight_pDR98Al.jpg"}}, {"model": "products.product", "pk": 24, "fields": {"category": 8, "code": "pl18", "name": "the Conservation Plateau Rooflight PL18", "size": "2025mm x 1025mm", "description": "Suitable for a flat roof installation and for roof pitched between 3 and 20 degrees, the Plateau Rooflight has a slim steel profile only 95mm above the kerb height. The Plateau Rooflight is a skylight with a fine, aesthetically pleasing design suitable for any flat roof construction.\r\n\r\n\r\nThis product will require you to have a forklift on site to unload it from the delivery lorry. If this isnt possible, delivery with forklift services can be arranged at an additional cost. Please contact us directly before placing your order if you require forklift services.", "price": "2144.00", "rating": "3.80", "image_url": null, "image": "The_Conservation_Plateau_Rooflight_tJIeVAA.jpg"}}, {"model": "products.product", "pk": 25, "fields": {"category": 8, "code": "pl22", "name": "the Conservation Plateau Rooflight PL22", "size": "925mm x 1525mm", "description": "Suitable for a flat roof installation and for roof pitched between 3 and 20 degrees, the Plateau Rooflight has a slim steel profile only 95mm above the kerb height. The Plateau Rooflight is a skylight with a fine, aesthetically pleasing design suitable for any flat roof construction.\r\n\r\n\r\n\r\nThis product will require you to have a forklift on site to unload it from the delivery lorry. If this isnt possible, delivery with forklift services can be arranged at an additional cost. Please contact us directly before placing your order if you require forklift services.", "price": "1869.00", "rating": "3.00", "image_url": null, "image": "The_Conservation_Plateau_Rooflight_rrD2LcU.jpg"}}, {"model": "products.product", "pk": 26, "fields": {"category": 8, "code": "pl24", "name": "the Conservation Plateau Rooflight PL24", "size": "1025mm x 2025mm", "description": "Suitable for a flat roof installation and for roof pitched between 3 and 20 degrees, the Plateau Rooflight has a slim steel profile only 95mm above the kerb height. The Plateau Rooflight is a skylight with a fine, aesthetically pleasing design suitable for any flat roof construction.\r\n\r\n\r\nThis product will require you to have a forklift on site to unload it from the delivery lorry. If this isnt possible, delivery with forklift services can be arranged at an additional cost. Please contact us directly before placing your order if you require forklift services.", "price": "2144.00", "rating": "4.40", "image_url": null, "image": "The_Conservation_Plateau_Rooflight_kIo0lij.jpg"}}, {"model": "products.product", "pk": 27, "fields": {"category": 7, "code": "neo-05", "name": "neo Rooflight neo-05", "size": "727mm x 1422mm", "description": "Suitable for pitched roofs between 20 and 60 degrees. Featuring a sleek design and flush edge-to-edge glazing, neo offers a rooflight that combines unique properties with a frameless, minimalist appearance to complement modern architecture and interiors perfectly.\r\n\r\nStructural Dimensions: Width:727mm Length:1,422mm\r\n\r\nViewable Dimensions: Width:461mm Length:1,156mm", "price": "1102.00", "rating": "5.00", "image_url": null, "image": "NS05.jpg"}}, {"model": "products.product", "pk": 28, "fields": {"category": 7, "code": "neo-06", "name": "neo Rooflight neo-06", "size": "797mm x 1108mm", "description": "Suitable for pitched roofs between 20 and 60 degrees. Featuring a sleek design and flush edge-to-edge glazing, neo offers a rooflight that combines unique properties with a frameless, minimalist appearance to complement modern architecture and interiors perfectly.", "price": "1074.00", "rating": "4.30", "image_url": null, "image": "NS06.jpg"}}, {"model": "products.product", "pk": 29, "fields": {"category": 7, "code": "neo-07", "name": "neo Rooflight neo-07", "size": "882mm x 1222mm", "description": "Suitable for pitched roofs between 20 and 60 degrees. Featuring a sleek design and flush edge-to-edge glazing, neo offers a rooflight that combines unique properties with a frameless, minimalist appearance to complement modern architecture and interiors perfectly.", "price": "1116.00", "rating": "4.60", "image_url": null, "image": "NS07.jpg"}}, {"model": "products.product", "pk": 30, "fields": {"category": 7, "code": "neo-08", "name": "neo Rooflight neo-08", "size": "882mm x 1717mm", "description": "Suitable for pitched roofs between 20 and 60 degrees. Featuring a sleek design and flush edge-to-edge glazing, neo offers a rooflight that combines unique properties with a frameless, minimalist appearance to complement modern architecture and interiors perfectly.", "price": "1303.00", "rating": "5.00", "image_url": null, "image": "NS08.jpg"}}, {"model": "products.product", "pk": 31, "fields": {"category": 7, "code": "neo-09", "name": "neo Rooflight neo-09", "size": "1101mm x 1413mm", "description": "Suitable for pitched roofs between 20 and 60 degrees. Featuring a sleek design and flush edge-to-edge glazing, neo offers a rooflight that combines unique properties with a frameless, minimalist appearance to complement modern architecture and interiors perfectly.\r\n\r\n\r\nThis product will require you to have a forklift on site to unload it from the delivery lorry. If this isnt possible, delivery with forklift services can be arranged at an additional cost. Please contact us directly before placing your order if you require forklift services.", "price": "1315.00", "rating": "4.00", "image_url": null, "image": "NS09.jpg"}}, {"model": "products.product", "pk": 32, "fields": {"category": 7, "code": "neo-10", "name": "neo Rooflight neo-10", "size": "1207mm x 1802mm", "description": "Suitable for pitched roofs between 20 and 60 degrees. Featuring a sleek design and flush edge-to-edge glazing, neo offers a rooflight that combines unique properties with a frameless, minimalist appearance to complement modern architecture and interiors perfectly.\r\n\r\n\r\nThis product will require you to have a forklift on site to unload it from the delivery lorry. If this isnt possible, delivery with forklift services can be arranged at an additional cost. Please contact us directly before placing your order if you require forklift services.", "price": "1638.00", "rating": "4.80", "image_url": null, "image": "NS10.jpg"}}, {"model": "products.product", "pk": 33, "fields": {"category": 7, "code": "neo-11", "name": "neo Rooflight neo-11", "size": "1222mm x 882mm", "description": "Suitable for pitched roofs between 20 and 60 degrees. Featuring a sleek design and flush edge-to-edge glazing, neo offers a rooflight that combines unique properties with a frameless, minimalist appearance to complement modern architecture and interiors perfectly.", "price": "1116.00", "rating": "4.50", "image_url": null, "image": "NS11.jpg"}}, {"model": "products.product", "pk": 34, "fields": {"category": 7, "code": "neo-12", "name": "neo Rooflight neo-12", "size": "1717mm x 882mm", "description": "Suitable for pitched roofs between 20 and 60 degrees. Featuring a sleek design and flush edge-to-edge glazing, neo offers a rooflight that combines unique properties with a frameless, minimalist appearance to complement modern architecture and interiors perfectly.", "price": "1303.00", "rating": "4.50", "image_url": null, "image": "NS12.jpg"}}, {"model": "products.product", "pk": 35, "fields": {"category": 7, "code": "neo-13", "name": "neo Rooflight neo-13", "size": "1802mm x 1207mm", "description": "Suitable for pitched roofs between 20 and 60 degrees. Featuring a sleek design and flush edge-to-edge glazing, the neo S13 Rooflight combines unique properties with a frameless, minimalist appearance to complement modern architecture and interiors perfectly. The  neo S13 Rooflight is only for applications that require a fixed shut roof window and it offers a pre-installed concealed fixing mechanism and the option of a standard flashing kit suitable for the on the rafter installation.\r\n\r\n\r\nThis product will require you to have a forklift on site to unload it from the delivery lorry. If this isnt possible, delivery with forklift services can be arranged at an additional cost. Please contact us directly before placing your order if you require forklift services.", "price": "1638.00", "rating": "4.70", "image_url": null, "image": "NS13.jpg"}}, {"model": "products.product", "pk": 36, "fields": {"category": 7, "code": "neo-14", "name": "neo Rooflight neo-14", "size": "882mm x 882mm", "description": "Suitable for pitched roofs between 20 and 60 degrees. Featuring a sleek design and flush edge-to-edge glazing, neo offers a rooflight that combines unique properties with a frameless, minimalist appearance to complement modern architecture and interiors perfectly.", "price": "1029.00", "rating": "4.60", "image_url": null, "image": "NS14.jpg"}}, {"model": "products.product", "pk": 37, "fields": {"category": 7, "code": "neo-15", "name": "neo Rooflight neo-15", "size": "1207mm x 1207mm", "description": "Suitable for pitched roofs between 20 and 60 degrees. Featuring a sleek design and flush edge-to-edge glazing, neo offers a rooflight that combines unique properties with a frameless, minimalist appearance to complement modern architecture and interiors perfectly.\r\n\r\n\r\nThis product will require you to have a forklift on site to unload it from the delivery lorry. If this isnt possible, delivery with forklift services can be arranged at an additional cost. Please contact us directly before placing your order if you require forklift services.", "price": "1209.00", "rating": "4.00", "image_url": null, "image": "NS15.jpg"}}, {"model": "products.product", "pk": 38, "fields": {"category": 6, "code": "nff-01", "name": "neo Advance NFF-01", "size": "1000mm x 1000mm", "description": "Suitable for a flat roof installation and for roof pitched between 3 and 15 degrees. Fixed shut only and the standard colour umbra grey RAL 7022.", "price": "915.00", "rating": "4.50", "image_url": null, "image": "Neo_Advance_No_Sky.jpg"}}, {"model": "products.product", "pk": 39, "fields": {"category": 6, "code": "nff-02", "name": "neo Advance NFF-02", "size": "1200mm x 1000mm", "description": "Suitable for a flat roof installation and for roof pitched between 3 and 15 degrees. Fixed shut only and the standard colour umbra grey RAL 7022.", "price": "969.00", "rating": "3.80", "image_url": null, "image": "Neo_Advance_No_Sky_hcHHX4P.jpg"}}, {"model": "products.product", "pk": 40, "fields": {"category": 6, "code": "nff-03", "name": "neo Advance NFF-03", "size": "1200mm x 1200mm", "description": "Suitable for a flat roof installation and for roof pitched between 3 and 15 degrees. Fixed shut only and the standard colour umbra grey RAL 7022.", "price": "1077.00", "rating": "5.00", "image_url": null, "image": "Neo_Advance_No_Sky_LKTvuQI.jpg"}}, {"model": "products.product", "pk": 41, "fields": {"category": 6, "code": "nff-04", "name": "neo Advance NFF-04", "size": "1500mm x 1500mm", "description": "Suitable for a flat roof installation and for roof pitched between 3 and 15 degrees. Fixed shut only and the standard colour umbra grey RAL 7022.", "price": "1272.00", "rating": "3.00", "image_url": null, "image": "Neo_Advance_No_Sky_FU84G17.jpg"}}, {"model": "products.product", "pk": 42, "fields": {"category": 6, "code": "nff-05", "name": "neo Advance NFF-05", "size": "1500mm x 1000mm", "description": "Suitable for a flat roof installation and for roof pitched between 3 and 15 degrees. Fixed shut only and the standard colour umbra grey RAL 7022.", "price": "1077.00", "rating": "4.70", "image_url": null, "image": "Neo_Advance_No_Sky_tSKun64.jpg"}}, {"model": "products.product", "pk": 43, "fields": {"category": 6, "code": "nff-06", "name": "neo Advance NFF-06", "size": "2000mm x 1000mm", "description": "Suitable for a flat roof installation and for roof pitched between 3 and 15 degrees. Fixed shut only and the standard colour umbra grey RAL 7022.", "price": "1185.00", "rating": "4.00", "image_url": null, "image": "Neo_Advance_No_Sky_he5DQig.jpg"}}, {"model": "products.product", "pk": 44, "fields": {"category": 6, "code": "nff-07", "name": "neo Advance NFF-07", "size": "3000mm x 1000mm", "description": "Suitable for a flat roof installation and for roof pitched between 3 and 15 degrees. Fixed shut only and the standard colour umbra grey RAL 7022.", "price": "2110.00", "rating": "4.90", "image_url": null, "image": "Neo_Advance_No_Sky_kTxDeu9.jpg"}}, {"model": "products.product", "pk": 45, "fields": {"category": 6, "code": "nfo-01", "name": "neo Advance NFO-01", "size": "1000mm x 1000mm", "description": "Suitable for a flat roof installation and for roof pitched between 3 and 15 degrees. Built-in concealed motor for opening option and standard colour umbra grey RAL 7022.", "price": "1665.00", "rating": "4.60", "image_url": null, "image": "Neo_Advance_Open.jpg"}}, {"model": "products.product", "pk": 46, "fields": {"category": 6, "code": "nfo-02", "name": "neo Advance NFO-02", "size": "1200mm x 1000mm", "description": "Suitable for a flat roof installation and for roof pitched between 3 and 15 degrees. Built-in concealed motor for opening option and standard colour umbra grey RAL 7022.", "price": "1719.00", "rating": "4.50", "image_url": null, "image": "Neo_Advance_Open_ZTTApJG.jpg"}}, {"model": "products.product", "pk": 47, "fields": {"category": 6, "code": "nfo-03", "name": "neo Advance NFO-03", "size": "1200mm x 1200mm", "description": "Suitable for a flat roof installation and for roof pitched between 3 and 15 degrees. Built-in concealed motor for opening option and standard colour umbra grey RAL 7022.", "price": "1827.00", "rating": "5.00", "image_url": null, "image": "Neo_Advance_Open_myidb84.jpg"}}, {"model": "products.product", "pk": 48, "fields": {"category": 6, "code": "nfo-04", "name": "neo Advance NFO-04", "size": "1500mm x 1500mm", "description": "Suitable for a flat roof installation and for roof pitched between 3 and 15 degrees. Built-in concealed motor for opening option and standard colour umbra grey RAL 7022.", "price": "2372.00", "rating": "3.00", "image_url": null, "image": "Neo_Advance_Open_QQJ4pGQ.jpg"}}, {"model": "products.product", "pk": 49, "fields": {"category": 6, "code": "nfo-05", "name": "neo Advance NFO-05", "size": "1500mm x 1000mm", "description": "Suitable for a flat roof installation and for roof pitched between 3 and 15 degrees. Built-in concealed motor for opening option and standard colour umbra grey RAL 7022.", "price": "2177.00", "rating": "4.00", "image_url": null, "image": "Neo_Advance_Open_C99DkBI.jpg"}}, {"model": "products.product", "pk": 50, "fields": {"category": 6, "code": "nfo-06", "name": "neo Advance NFO-06", "size": "2000mm x 1000mm", "description": "Suitable for a flat roof installation and for roof pitched between 3 and 15 degrees. Built-in concealed motor for opening option and standard colour umbra grey RAL 7022.", "price": "2285.00", "rating": "4.60", "image_url": null, "image": "Neo_Advance_Open_VLvwLNj.jpg"}}, {"model": "checkout.order", "pk": 2, "fields": {"order_number": "402ACAC9ECB44BE2982CC6DC831F431B", "user_profile": null, "full_name": "Angel Willis", "email": "angel.willis003@outlook.com", "phone_number": "01885206546", "country": "United Kingdom", "postcode": "OX7 6SU", "town_or_city": "Milton under Wychwood", "street_address1": "9 Lime Grove", "street_address2": null, "county": "Oxfordshire", "date": "2022-03-01T16:50:09.614Z", "delivery_cost": "0.00", "order_total": "2043.00", "grand_total": "2043.00", "original_bag": "", "stripe_pid": ""}}, {"model": "checkout.order", "pk": 3, "fields": {"order_number": "C0D788826EE2425688081CAAC1D5C4D6", "user_profile": null, "full_name": "Angel Willis", "email": "angel.willis003@outlook.com", "phone_number": "01885206546", "country": "United Kingdom", "postcode": "OX7 6SU", "town_or_city": "Milton under Wychwood", "street_address1": "9 Lime Grove", "street_address2": null, "county": "Oxfordshire", "date": "2022-03-01T16:53:59.345Z", "delivery_cost": "0.00", "order_total": "681.00", "grand_total": "681.00", "original_bag": "", "stripe_pid": ""}}, {"model": "checkout.order", "pk": 4, "fields": {"order_number": "A8F22F98395F41529F705CA2DFA49783", "user_profile": null, "full_name": "Angel Willis", "email": "angel.willis003@outlook.com", "phone_number": "01885206546", "country": "United Kingdom", "postcode": "OX7 6SU", "town_or_city": "Milton under Wychwood", "street_address1": "9 Lime Grove", "street_address2": null, "county": "Oxfordshire", "date": "2022-03-01T16:55:50.232Z", "delivery_cost": "0.00", "order_total": "3192.00", "grand_total": "3192.00", "original_bag": "", "stripe_pid": ""}}, {"model": "checkout.order", "pk": 5, "fields": {"order_number": "8528DC008127455887E7F77D67E5A8CC", "user_profile": null, "full_name": "Angel Willis", "email": "angel.willis003@outlook.com", "phone_number": "01885206546", "country": "United Kingdom", "postcode": "OX7 6SU", "town_or_city": "Milton under Wychwood", "street_address1": "9 Lime Grove", "street_address2": null, "county": "Oxfordshire", "date": "2022-03-01T17:04:47.025Z", "delivery_cost": "0.00", "order_total": "2043.00", "grand_total": "2043.00", "original_bag": "", "stripe_pid": ""}}, {"model": "checkout.order", "pk": 6, "fields": {"order_number": "364603E12286468895D7142EF4B8CCA6", "user_profile": null, "full_name": "Angel Willis", "email": "angel.willis003@outlook.com", "phone_number": "01885206546", "country": "United Kingdom", "postcode": "OX7 6SU", "town_or_city": "Milton under Wychwood", "street_address1": "9 Lime Grove", "street_address2": null, "county": "Oxfordshire", "date": "2022-03-02T17:07:11.067Z", "delivery_cost": "0.00", "order_total": "6230.00", "grand_total": "6230.00", "original_bag": "", "stripe_pid": ""}}, {"model": "checkout.order", "pk": 7, "fields": {"order_number": "862CF58A0C2A421589FF7810BD08988B", "user_profile": null, "full_name": "Angel Willis", "email": "angel.willis003@outlook.com", "phone_number": "01885206546", "country": "United Kingdom", "postcode": "OX7 6SU", "town_or_city": "Milton under Wychwood", "street_address1": "9 Lime Grove", "street_address2": null, "county": "Oxfordshire", "date": "2022-03-02T17:10:27.341Z", "delivery_cost": "0.00", "order_total": "4845.00", "grand_total": "4845.00", "original_bag": "", "stripe_pid": ""}}, {"model": "checkout.order", "pk": 8, "fields": {"order_number": "88C07E60DD144897A6ABD8018BA14400", "user_profile": null, "full_name": "Angel Willis", "email": "angel.willis003@outlook.com", "phone_number": "01885206546", "country": "United Kingdom", "postcode": "OX7 6SU", "town_or_city": "Milton under Wychwood", "street_address1": "9 Lime Grove", "street_address2": null, "county": "Oxfordshire", "date": "2022-03-02T17:18:48.683Z", "delivery_cost": "0.00", "order_total": "598.00", "grand_total": "598.00", "original_bag": "", "stripe_pid": ""}}, {"model": "checkout.order", "pk": 9, "fields": {"order_number": "D9683802EA4C4A8F876B360272CF2E86", "user_profile": null, "full_name": "Angel Willis", "email": "angel.willis003@outlook.com", "phone_number": "01885206546", "country": "GB", "postcode": "OX7 6SU", "town_or_city": "Milton under Wychwood", "street_address1": "9 Lime Grove", "street_address2": null, "county": "Oxfordshire", "date": "2022-03-04T14:39:32.903Z", "delivery_cost": "0.00", "order_total": "3180.00", "grand_total": "3180.00", "original_bag": "", "stripe_pid": ""}}, {"model": "checkout.order", "pk": 10, "fields": {"order_number": "626EAE9FB3CB413E9CB4FE9E551F3EE0", "user_profile": null, "full_name": "Angel Willis", "email": "angel.willis003@outlook.com", "phone_number": "01885206546", "country": "GB", "postcode": "OX7 6SU", "town_or_city": "Milton under Wychwood", "street_address1": "9 Lime Grove", "street_address2": null, "county": "Oxfordshire", "date": "2022-03-04T14:40:41.430Z", "delivery_cost": "0.00", "order_total": "598.00", "grand_total": "598.00", "original_bag": "", "stripe_pid": ""}}, {"model": "checkout.order", "pk": 11, "fields": {"order_number": "AE7491542D4D4DBFBD6EF31D5BBDFA5B", "user_profile": null, "full_name": "Angel Willis", "email": "angel.willis003@outlook.com", "phone_number": "01885206546", "country": "GB", "postcode": "OX7 6SU", "town_or_city": "Milton under Wychwood", "street_address1": "9 Lime Grove", "street_address2": null, "county": "Oxfordshire", "date": "2022-03-04T14:42:07.210Z", "delivery_cost": "0.00", "order_total": "4186.00", "grand_total": "4186.00", "original_bag": "", "stripe_pid": ""}}, {"model": "checkout.order", "pk": 12, "fields": {"order_number": "A81F912283B5445187ACAAF045011FDA", "user_profile": null, "full_name": "Angel Willis", "email": "angel.willis003@outlook.com", "phone_number": "01885206546", "country": "GB", "postcode": "OX7 6SU", "town_or_city": "Milton under Wychwood", "street_address1": "9 Lime Grove", "street_address2": null, "county": "Oxfordshire", "date": "2022-03-04T15:07:28.197Z", "delivery_cost": "0.00", "order_total": "1596.00", "grand_total": "1596.00", "original_bag": "", "stripe_pid": ""}}, {"model": "checkout.order", "pk": 13, "fields": {"order_number": "77C6AA99465946AB8668AC4BD6A0944C", "user_profile": null, "full_name": "Angel Willis", "email": "angel.willis003@outlook.com", "phone_number": "01885206546", "country": "GB", "postcode": "OX7 6SU", "town_or_city": "Milton under Wychwood", "street_address1": "9 Lime Grove", "street_address2": null, "county": "Oxfordshire", "date": "2022-03-04T15:28:17.642Z", "delivery_cost": "0.00", "order_total": "2394.00", "grand_total": "2394.00", "original_bag": "", "stripe_pid": ""}}, {"model": "checkout.order", "pk": 14, "fields": {"order_number": "EAF6519C1FA64AC586493048F57831A4", "user_profile": null, "full_name": "Angel Willis", "email": "angel.willis003@outlook.com", "phone_number": "01885206546", "country": "GB", "postcode": "OX7 6SU", "town_or_city": "Milton under Wychwood", "street_address1": "9 Lime Grove", "street_address2": null, "county": "Oxfordshire", "date": "2022-03-04T15:49:10.436Z", "delivery_cost": "0.00", "order_total": "681.00", "grand_total": "681.00", "original_bag": "", "stripe_pid": ""}}, {"model": "checkout.order", "pk": 15, "fields": {"order_number": "3554370DCB2F4F958649E4E938E0A5C9", "user_profile": null, "full_name": "Angel Willis", "email": "angel.willis003@outlook.com", "phone_number": "01885206546", "country": "GB", "postcode": "OX7 6SU", "town_or_city": "Milton under Wychwood", "street_address1": "9 Lime Grove", "street_address2": null, "county": "Oxfordshire", "date": "2022-03-04T16:01:36.979Z", "delivery_cost": "0.00", "order_total": "798.00", "grand_total": "798.00", "original_bag": "", "stripe_pid": ""}}, {"model": "checkout.order", "pk": 16, "fields": {"order_number": "57151D06D0C04730817A12FE28AAB130", "user_profile": null, "full_name": "Angel Willis", "email": "angel.willis003@outlook.com", "phone_number": "01885206546", "country": "GB", "postcode": "OX7 6SU", "town_or_city": "Milton under Wychwood", "street_address1": "9 Lime Grove", "street_address2": null, "county": "Oxfordshire", "date": "2022-03-04T16:35:31.171Z", "delivery_cost": "0.00", "order_total": "2990.00", "grand_total": "2990.00", "original_bag": "{\"2\": 5}", "stripe_pid": "pi_3KZe5oL2utkTs2bg0F0aXqIV"}}, {"model": "checkout.order", "pk": 17, "fields": {"order_number": "B2C6C00DAFBC4DA0A4B784D173D378B9", "user_profile": null, "full_name": "Angel Willis", "email": "angel.willis003@outlook.com", "phone_number": "01885206546", "country": "GB", "postcode": "OX7 6SU", "town_or_city": "Milton under Wychwood", "street_address1": "9 Lime Grove", "street_address2": null, "county": "Oxfordshire", "date": "2022-03-04T16:54:53.605Z", "delivery_cost": "0.00", "order_total": "681.00", "grand_total": "681.00", "original_bag": "{\"3\": 1}", "stripe_pid": "pi_3KZeOcL2utkTs2bg1LC2DY5X"}}, {"model": "checkout.order", "pk": 18, "fields": {"order_number": "EC4C47D40B034C59A8C170BE674CEF2A", "user_profile": null, "full_name": "Angel Willis", "email": "angel.willis003@outlook.com", "phone_number": "01885206546", "country": "GB", "postcode": "OX7 6SU", "town_or_city": "Milton under Wychwood", "street_address1": "9 Lime Grove", "street_address2": null, "county": "Oxfordshire", "date": "2022-03-04T17:04:10.968Z", "delivery_cost": "0.00", "order_total": "681.00", "grand_total": "681.00", "original_bag": "{\"3\": 1}", "stripe_pid": "pi_3KZeXUL2utkTs2bg0TCNmyJo"}}, {"model": "checkout.order", "pk": 19, "fields": {"order_number": "C24306B41B9D414F9DBB2E9DA533E83E", "user_profile": null, "full_name": "Mel", "email": "mail@mail.com", "phone_number": "01885206546", "country": "AF", "postcode": "OX7776yh", "town_or_city": "mdsnflcg", "street_address1": "cgdsvd", "street_address2": "bhvshtr", "county": "Oxn", "date": "2022-03-04T17:07:49.936Z", "delivery_cost": "0.00", "order_total": "2394.00", "grand_total": "2394.00", "original_bag": "{\"1\": 3}", "stripe_pid": "pi_3KZeaHL2utkTs2bg0Yq5OCax"}}, {"model": "checkout.order", "pk": 20, "fields": {"order_number": "097321CB9B694C3EB3852811AECB6B15", "user_profile": null, "full_name": "Angel Willis", "email": "angel.willis003@outlook.com", "phone_number": "01885206546", "country": "GB", "postcode": "OX7 6SU", "town_or_city": "Milton under Wychwood", "street_address1": "9 Lime Grove", "street_address2": null, "county": "Oxfordshire", "date": "2022-03-07T16:30:17.431Z", "delivery_cost": "0.00", "order_total": "1762.00", "grand_total": "1762.00", "original_bag": "{\"15\": 2}", "stripe_pid": "pi_3KajRJL2utkTs2bg0nSMkc9S"}}, {"model": "checkout.order", "pk": 21, "fields": {"order_number": "AAE05A0CCEF84D3A8EBA1CA1F2457AE8", "user_profile": null, "full_name": "Angel Willis", "email": "angel.willis003@outlook.com", "phone_number": "01885206546", "country": "GB", "postcode": "OX7 6SU", "town_or_city": "Milton under Wychwood", "street_address1": "9 Lime Grove", "street_address2": null, "county": "Oxfordshire", "date": "2022-03-07T16:48:42.409Z", "delivery_cost": "0.00", "order_total": "798.00", "grand_total": "798.00", "original_bag": "{\"1\": 1}", "stripe_pid": "pi_3KajjTL2utkTs2bg0SX5t6tW"}}, {"model": "checkout.order", "pk": 22, "fields": {"order_number": "476A8BF814FD4CA9A3A268388D4BD566", "user_profile": null, "full_name": "Angel Willis", "email": "angel.willis003@outlook.com", "phone_number": "01885206546", "country": "GB", "postcode": "OX7 6SU", "town_or_city": "Milton under Wychwood", "street_address1": "9 Lime Grove", "street_address2": null, "county": "Oxfordshire", "date": "2022-03-12T10:38:09.512Z", "delivery_cost": "0.00", "order_total": "2194.00", "grand_total": "2194.00", "original_bag": "{\"1\": 2, \"2\": 1}", "stripe_pid": "pi_3KcSKbL2utkTs2bg1OGro1G4"}}, {"model": "checkout.order", "pk": 23, "fields": {"order_number": "8C944498D0E9497FA9A79A64E0F03E30", "user_profile": null, "full_name": "Angel Willis", "email": "angel.willis003@outlook.com", "phone_number": "01885206546", "country": "GB", "postcode": "OX7 6SU", "town_or_city": "Milton under Wychwood", "street_address1": "9 Lime Grove", "street_address2": null, "county": "Oxfordshire", "date": "2022-03-12T10:40:06.623Z", "delivery_cost": "0.00", "order_total": "598.00", "grand_total": "598.00", "original_bag": "{\"2\": 1}", "stripe_pid": "pi_3KcSMWL2utkTs2bg1uAh8N88"}}, {"model": "checkout.order", "pk": 24, "fields": {"order_number": "DB50D38BCA7E470B9B4EEDE33403289D", "user_profile": null, "full_name": "Mel Watts", "email": "melly004@live.com", "phone_number": "01885206546", "country": "GB", "postcode": "OX7 6SU", "town_or_city": "Milton under Wychwood", "street_address1": "9 Lime Grove", "street_address2": null, "county": "Oxfordshire", "date": "2022-03-12T10:43:16.001Z", "delivery_cost": "0.00", "order_total": "1196.00", "grand_total": "1196.00", "original_bag": "{\"2\": 2}", "stripe_pid": "pi_3KcSP4L2utkTs2bg011aabaw"}}, {"model": "checkout.order", "pk": 25, "fields": {"order_number": "7A61A23D01444E40806D002E3A08F6A5", "user_profile": null, "full_name": "Mel Watts", "email": "melly004@live.com", "phone_number": "01885206546", "country": "GB", "postcode": "OX7 6SU", "town_or_city": "Milton under Wychwood", "street_address1": "9 Lime Grove", "street_address2": null, "county": "Oxfordshire", "date": "2022-03-21T14:43:39.655Z", "delivery_cost": "0.00", "order_total": "598.00", "grand_total": "598.00", "original_bag": "{\"2\": 1}", "stripe_pid": "pi_3KfmS8L2utkTs2bg0l3VQ6Hq"}}, {"model": "checkout.order", "pk": 26, "fields": {"order_number": "C332D258BBC640969F91994DC4BAED22", "user_profile": null, "full_name": "Mel Watts", "email": "melly004@live.com", "phone_number": "01885206546", "country": "GB", "postcode": "OX7 6SU", "town_or_city": "Milton under Wychwood", "street_address1": "9 Lime Grove", "street_address2": null, "county": "Oxfordshire", "date": "2022-03-26T10:07:40.147Z", "delivery_cost": "0.00", "order_total": "798.00", "grand_total": "798.00", "original_bag": "{\"1\": 1}", "stripe_pid": "pi_3KhWWoL2utkTs2bg0Fj1a8cH"}}, {"model": "checkout.orderlineitem", "pk": 2, "fields": {"order": 2, "product": 3, "product_size": null, "quantity": 3, "lineitem_total": "2043.00"}}, {"model": "checkout.orderlineitem", "pk": 3, "fields": {"order": 3, "product": 3, "product_size": null, "quantity": 1, "lineitem_total": "681.00"}}, {"model": "checkout.orderlineitem", "pk": 4, "fields": {"order": 4, "product": 1, "product_size": null, "quantity": 4, "lineitem_total": "3192.00"}}, {"model": "checkout.orderlineitem", "pk": 5, "fields": {"order": 5, "product": 3, "product_size": null, "quantity": 3, "lineitem_total": "2043.00"}}, {"model": "checkout.orderlineitem", "pk": 6, "fields": {"order": 6, "product": 14, "product_size": null, "quantity": 5, "lineitem_total": "6230.00"}}, {"model": "checkout.orderlineitem", "pk": 7, "fields": {"order": 7, "product": 39, "product_size": null, "quantity": 5, "lineitem_total": "4845.00"}}, {"model": "checkout.orderlineitem", "pk": 8, "fields": {"order": 8, "product": 2, "product_size": null, "quantity": 1, "lineitem_total": "598.00"}}, {"model": "checkout.orderlineitem", "pk": 9, "fields": {"order": 9, "product": 7, "product_size": null, "quantity": 4, "lineitem_total": "3180.00"}}, {"model": "checkout.orderlineitem", "pk": 10, "fields": {"order": 10, "product": 2, "product_size": null, "quantity": 1, "lineitem_total": "598.00"}}, {"model": "checkout.orderlineitem", "pk": 11, "fields": {"order": 11, "product": 2, "product_size": null, "quantity": 7, "lineitem_total": "4186.00"}}, {"model": "checkout.orderlineitem", "pk": 12, "fields": {"order": 12, "product": 1, "product_size": null, "quantity": 2, "lineitem_total": "1596.00"}}, {"model": "checkout.orderlineitem", "pk": 13, "fields": {"order": 13, "product": 1, "product_size": null, "quantity": 3, "lineitem_total": "2394.00"}}, {"model": "checkout.orderlineitem", "pk": 14, "fields": {"order": 14, "product": 3, "product_size": null, "quantity": 1, "lineitem_total": "681.00"}}, {"model": "checkout.orderlineitem", "pk": 15, "fields": {"order": 15, "product": 1, "product_size": null, "quantity": 1, "lineitem_total": "798.00"}}, {"model": "checkout.orderlineitem", "pk": 16, "fields": {"order": 16, "product": 2, "product_size": null, "quantity": 5, "lineitem_total": "2990.00"}}, {"model": "checkout.orderlineitem", "pk": 17, "fields": {"order": 17, "product": 3, "product_size": null, "quantity": 1, "lineitem_total": "681.00"}}, {"model": "checkout.orderlineitem", "pk": 18, "fields": {"order": 18, "product": 3, "product_size": null, "quantity": 1, "lineitem_total": "681.00"}}, {"model": "checkout.orderlineitem", "pk": 19, "fields": {"order": 19, "product": 1, "product_size": null, "quantity": 3, "lineitem_total": "2394.00"}}, {"model": "checkout.orderlineitem", "pk": 20, "fields": {"order": 20, "product": 15, "product_size": null, "quantity": 2, "lineitem_total": "1762.00"}}, {"model": "checkout.orderlineitem", "pk": 21, "fields": {"order": 21, "product": 1, "product_size": null, "quantity": 1, "lineitem_total": "798.00"}}, {"model": "checkout.orderlineitem", "pk": 22, "fields": {"order": 22, "product": 1, "product_size": null, "quantity": 2, "lineitem_total": "1596.00"}}, {"model": "checkout.orderlineitem", "pk": 23, "fields": {"order": 22, "product": 2, "product_size": null, "quantity": 1, "lineitem_total": "598.00"}}, {"model": "checkout.orderlineitem", "pk": 24, "fields": {"order": 23, "product": 2, "product_size": null, "quantity": 1, "lineitem_total": "598.00"}}, {"model": "checkout.orderlineitem", "pk": 25, "fields": {"order": 24, "product": 2, "product_size": null, "quantity": 2, "lineitem_total": "1196.00"}}, {"model": "checkout.orderlineitem", "pk": 26, "fields": {"order": 25, "product": 2, "product_size": null, "quantity": 1, "lineitem_total": "598.00"}}, {"model": "checkout.orderlineitem", "pk": 27, "fields": {"order": 26, "product": 1, "product_size": null, "quantity": 1, "lineitem_total": "798.00"}}, {"model": "profiles.userprofile", "pk": 1, "fields": {"user": 2, "default_phone_number": null, "default_street_address1": null, "default_street_address2": null, "default_town_or_city": null, "default_county": null, "default_postcode": null, "default_country": null}}, {"model": "profiles.userprofile", "pk": 2, "fields": {"user": 1, "default_phone_number": null, "default_street_address1": null, "default_street_address2": null, "default_town_or_city": null, "default_county": null, "default_postcode": null, "default_country": "GB"}}, {"model": "profiles.userprofile", "pk": 3, "fields": {"user": 3, "default_phone_number": null, "default_street_address1": null, "default_street_address2": null, "default_town_or_city": null, "default_county": null, "default_postcode": null, "default_country": null}}, {"model": "stories.category", "pk": 1, "fields": {"name": "heritage_pitched", "friendly_name": "The Conservation Rooflight"}}, {"model": "stories.category", "pk": 2, "fields": {"name": "heritage_flat", "friendly_name": "The Conservation Plateau Range"}}, {"model": "stories.category", "pk": 3, "fields": {"name": "modern_piched", "friendly_name": "neo Rooflight"}}, {"model": "stories.category", "pk": 4, "fields": {"name": "modern_flat", "friendly_name": "neo Advance Rooflight"}}, {"model": "stories.stories", "pk": 1, "fields": {"category": 4, "code": "neo Advance", "name": "Alfie Willis & Alana Haine", "size": "527mm x 958mm", "description": "We Wanted to source a roof window that would not sit too proud of the new copper roof, not realizing that he could infact specify a roof window that would sit completely flush with the roof material.\r\n\r\nWe both work from home and wanted to maximise the light in out loft conversion, these rooflights are just the job.", "price": "685.00", "rating": "5.00", "image_url": null, "image": "neo1_s75cBSX.jpg"}}, {"model": "stories.stories", "pk": 2, "fields": {"category": 1, "code": "The Conservation Rooflight", "name": "Lisa Frost", "size": "600mm x 900mm", "description": "I tasked award-winning architect Peter Williams with the refurbishment of my former Victorian Coach House. The brief was to maximise light into the hall and open stairwell whilst taking into account the original oak beams which gives the Coach House much of its character.\r\n\r\nI am located in an area with strict planning regulations, Peter also knew that the specified Rooflight system would need to appease the Planning Officer.\r\n\r\nExternally, the low-profile frame of the Conservation Rooflights meant that the rooflight did not detract in any way away from the original building, thus conforming to the strict planning regulations.\r\n\r\nI couldn't be happier with the result and I am so please I went with the Rooflight Company and their Conservation Rooflight.", "price": "1589.00", "rating": "5.00", "image_url": null, "image": "cr2_2fubpvg.jpg"}}, {"model": "stories.stories", "pk": 3, "fields": {"category": 1, "code": "The Conservation Rooflight", "name": "Dan Abrams", "size": "900mm x 500mm", "description": "Dan Abrams wanted to maximise the living space of his bungalow by adding three bedrooms and two bathrooms as part of a large renovation project. However, her bungalow is located in the heart of the Henley-on-Thames Conservation Area, resulting in it being subject to planning restrictions.\r\n\r\nThese restrictions meant she was unable to build upwards to create a second storey, so instead she turned to adding the bedrooms and bathrooms to the eaves of the property. This savvy approach would reduce the need for planning permission. Time-consuming, expensive, and intense structural work would not be needed either.\r\n\r\nDan worked with an architect to perfect the design, resulting in the new rooms benefitting from maximum levels of natural light. This was particularly important as one of the newly created bedrooms, and both bathrooms, would have no access to vertical windows.", "price": "5600.00", "rating": "5.00", "image_url": null, "image": "cr3_N0CGKKg.jpg"}}, {"model": "stories.stories", "pk": 4, "fields": {"category": 2, "code": "the Conservation Plateau Rooflight", "name": "Melanie Watts", "size": "900mm x 300mm", "description": "Our property is homed in what was an 18th Century Grade 1 listed Mansion set in 110 acres of historic landscape in Norwich. The watts estates team was briefed to develop what was once an open courtyard into a covered space, for use as an overspill area for dining facilities, assemblies and event. This area had to be developed without lessening the impact of the beautiful Grade 1 listed historic setting.\r\n\r\nI am delighted with the quality of the windows. I spoke with the sales team several times in relation to the order off the windows and electric window blinds. They were extremely helpful and courteous throughout.\r\n\r\nNow that the windows are fitted, I am delighted with them. I wouldnt hesitate in recommending The Rooflight Company to others.", "price": "658.00", "rating": "4.00", "image_url": null, "image": "crplat1_02HZ3b7.jpg"}}, {"model": "stories.stories", "pk": 5, "fields": {"category": 3, "code": "neo Rooflight", "name": "Phil Burbage", "size": "780mm x 560mm", "description": "When we decided to convert our loft space into a master bedroom and bathroom they faced many challenges. We knew that because of our young family all the work had to be carried out whilst they remained in the house, so needed as little disruption to their daily lives as possible.\r\n\r\nWorking with our builder, we wanted to make as much use of his loft space as possible. The steep eaves of the roof would limit head space, and being too able to walk around the new bedroom without facing obstacles was an important part of the brief.\r\n\r\nSpecified for the scheme were six neo roof windows. Four would sit either side of the eaves in the new master bedroom, the fifth would go in the new bathroom, which is now my wife favorite room in the house.\r\n\r\nWith head space continually the focus of the project, a top-hung roof window solution was decided upon as it would mean when open the rooflight would not encroach into the room.\r\n\r\nFive of the rooflights have been installed with the manual handle opening option and dual pleated blinds whilst the largest rooflight was specified as fixed shut.", "price": "6745.00", "rating": "4.00", "image_url": null, "image": "neo2_pdY6ife.jpg"}}, {"model": "stories.stories", "pk": 6, "fields": {"category": 4, "code": "neo Advance", "name": "Angel Willis", "size": "980mm x60mm", "description": "Privacy was a key element for me as my property is flanked at either side by homes overlooking the extension. With this in mind the glazing was upgraded to Optifloat Opal privacy glass.\r\n\r\nThree neo Advance  roof windows were specified, two being motorised and one fixed. The motorised roof windows were fitted with rain sensors to ensure automatic closure during bad weather conditions.\r\n\r\nUnlike most modern roof windows, neo Advance when closed has totally clear views uncluttered by opening mechanisms. All neo Advance models are top-hinged with concealed motors or with a discreet handle at the cill should a manual option be desired. \r\n\r\nThis rooflight is sleek, high end and I couldn't be happier with the aesthetics.", "price": "680.00", "rating": "5.00", "image_url": null, "image": "neoa2_oSrdDjL.jpg"}}, {"model": "stories.stories", "pk": 7, "fields": {"category": 4, "code": "neo Advance", "name": "Sarah Trueman", "size": "965mm x387mm", "description": "Our Farmhouse and Barns are Grade II Listed farmhouse situated on the South Coast.  \r\n\r\nWorking closely with architect, Charlie Luxton, I explored a range of rooflight  options including patent glazing and conservation rooflights but in the end decided to specify neo Advance as this meant a single roof window, in various sizes, could be installed to meet the design requirements.\r\n\r\nThe roof has been reconstructed and finished with standing seam zinc. Both Charlie and I felt it was important the roof windows would sit flush with the roof line to provide a seamless, unbroken appearance.\r\n\r\nWith nearly thirty rooflights on the scheme, the Rooflight Company in-house design team worked with the roofing contractors to make sure the installation into the zinc roof would be effortless.\r\n\r\nIn total 28 neo Advance roof windows in two different sizes were specified with a mixtue of manual and cill motorised opening and blinds in varying styles and sizes.", "price": "1560.00", "rating": "5.00", "image_url": null, "image": "neoa1_RCX7f74.jpg"}}, {"model": "stories.stories", "pk": 8, "fields": {"category": 1, "code": "neo Rooflight", "name": "Nick Cockayne", "size": "687mm x 560mm", "description": "Conservation Rooflights were specified for the conversion of our oak-framed Listed barn which dates back to the 17th century.\r\n\r\nAs this is a National Trust property is a good example of the use of Conservation Rooflights in a rural environment. \r\n\r\nOnce our extension was complete we wanted to have roof windows to not only match the theme of our property but comply with building regs. The Rooflight Companies windows do just that.", "price": "3658.00", "rating": "5.00", "image_url": null, "image": "cr1.jpg"}}]